Year,Citations,With Code
2016,8,False
2016,7,False
2016,3,False
2016,31,False
2016,9,False
2016,3,False
2016,11,False
2016,0,False
2016,10,False
2016,1,False
2016,3,False
2016,4,False
2016,6,False
2016,2,False
2016,14,False
2016,1,False
2016,7,False
2016,0,False
2016,4,False
2016,7,False
2016,22,False
2016,19,False
2016,3,False
2016,8,False
2016,2,False
2016,9,False
2016,306,False
2016,71,False
2016,3,False
2016,15,False
2016,0,False
2016,40,False
2016,1,False
2016,12,False
2016,6,False
2016,0,False
2016,6,False
2016,14,False
2016,5,False
2016,1,False
2016,18,False
2016,4,False
2016,4,False
2016,2,False
2016,22,False
2016,4,False
2016,18,False
2016,20,False
2016,2,False
2016,12,False
2016,10,False
2016,6,False
2016,3,False
2016,3,False
2016,2,False
2016,3,False
2016,2,False
2016,2,False
2016,2,False
2016,6,False
2016,2,False
2016,8,False
2016,3,False
2016,12,False
2016,3,False
2016,4,False
2016,0,False
2016,0,False
2016,10,False
2016,1,True
2016,24,False
2016,2,False
2016,4,False
2016,2,False
2016,1,False
2016,5,False
2016,1,False
2016,22,False
2016,11,False
2016,4,False
2016,3,False
2016,2,True
2016,6,False
2016,7,False
2016,3,False
2016,15,False
2016,4,False
2016,20,False
2016,0,False
2016,17,False
2016,2,False
2016,7,False
2016,3,False
2016,4,False
2016,4,False
2016,6,False
2016,11,False
2016,7,False
2016,16,False
2016,3,False
2016,0,False
2016,3,False
2016,7,False
2016,1,False
2016,8,False
2016,4,False
2016,4,False
2016,7,False
2016,6,False
2016,13,False
2016,9,False
2016,11,False
2016,9,False
2016,4,False
2016,30,False
2016,4,False
2016,23,False
2016,29,False
2016,2,False
2016,3,False
2016,4,False
2016,16,False
2016,2,False
2016,2,False
2016,5,False
2016,4,False
2016,29,False
2016,7,False
2016,4,False
2016,6,False
2016,22,False
2016,3,False
2016,59,False
2016,3,False
2016,6,False
2016,0,False
2016,2,False
2016,13,False
2016,9,False
2016,4,False
2016,5,False
2016,7,False
2016,19,False
2016,8,False
2016,12,False
2016,8,False
2016,1,False
2016,5,False
2016,10,False
2016,2,False
2016,11,False
2016,4,False
2016,4,False
2016,6,False
2016,5,False
2016,7,False
2016,5,False
2016,3,False
2016,24,False
2016,3,False
2016,3,False
2016,6,False
2016,80,False
2016,27,False
2016,18,False
2016,4,False
2016,11,False
2016,1,False
2016,2,False
2016,21,False
2016,3,False
2016,1,False
2016,4,False
2016,14,False
2016,1,False
2016,5,False
2016,14,False
2016,6,False
2016,6,False
2016,5,False
2016,16,False
2016,3,False
2016,9,False
2016,4,False
2016,32,False
2016,3,False
2016,6,False
2016,0,False
2016,5,False
2016,0,False
2016,29,False
2016,2,False
2016,2,False
2016,11,False
2016,2,False
2016,6,False
2016,6,False
2016,1,False
2016,7,False
2016,8,False
2016,0,False
2016,20,False
2016,3,False
2016,2,False
2016,8,False
2016,7,False
2016,2,False
2016,20,False
2016,57,False
2016,2,False
2016,1,False
2016,5,False
2016,3,False
2016,14,False
2016,3,False
2016,2,False
2016,15,False
2016,22,False
2016,3,False
2016,8,False
2016,7,False
2016,4,False
2016,2,False
2016,0,False
2016,1,False
2016,3,False
2016,5,False
2016,0,False
2016,1,False
2016,6,False
2016,3,False
2016,5,False
2016,0,False
2016,19,False
2016,3,False
2016,6,False
2016,6,False
2016,4,False
2016,3,False
2016,2,False
2016,8,False
2016,11,False
2016,9,False
2016,15,False
2016,3,False
2016,3,False
2016,7,False
2016,9,False
2016,6,False
2016,1,False
2016,8,False
2016,0,False
2016,20,False
2016,9,False
2016,10,False
2016,2,False
2016,0,False
2016,4,False
2016,0,False
2016,10,False
2016,3,False
2016,6,False
2016,4,False
2016,3,False
2016,7,False
2016,0,False
2016,0,False
2016,3,False
2016,9,False
2016,5,False
2016,40,False
2016,5,False
2016,2,False
2016,4,False
2016,6,False
2016,13,False
2016,8,False
2016,24,False
2016,9,False
2016,1,False
2016,2,False
2016,11,False
2016,9,False
2016,9,False
2016,2,False
2016,4,False
2016,11,False
2016,15,False
2016,14,False
2016,15,False
2016,5,False
2016,19,False
2016,2,False
2016,17,False
2016,18,False
2016,0,False
2016,27,False
2016,1,False
2016,12,False
2016,9,False
2016,0,False
2016,11,False
2016,1,False
2016,13,False
2016,3,False
2016,1,False
2016,1,False
2016,15,False
2016,1,False
2016,2,False
2016,7,False
2016,11,False
2016,16,False
2016,11,False
2016,61,False
2016,10,False
2016,0,False
2016,11,False
2016,1,False
2016,2,False
2016,0,False
2016,1,False
2016,4,False
2016,1,False
2016,0,False
2016,1,False
2016,5,False
2016,15,False
2016,6,False
2016,11,False
2016,5,False
2016,0,False
2016,1,False
2016,4,False
2016,3,False
2016,0,False
2016,3,False
2016,5,False
2016,1,False
2016,6,False
2016,12,False
2016,3,False
2016,12,False
2016,2,False
2016,10,False
2016,13,False
2016,3,False
2016,9,False
2016,14,False
2016,4,False
2016,1,False
2016,2,False
2016,19,False
2016,19,False
2016,3,False
2016,10,False
2016,8,False
2016,17,False
2016,15,False
2016,2,False
2016,10,False
2016,26,False
2016,3,False
2016,2,False
2016,8,False
2016,5,False
2016,1,False
2016,20,False
2016,4,False
2016,5,False
2016,5,False
2016,1,False
2016,6,True
2016,6,False
2016,3,False
2016,2,False
2016,1,False
2016,4,False
2016,1,False
2016,7,False
2016,8,False
2016,1,False
2016,12,False
2016,10,False
2016,33,False
2016,5,False
2016,26,False
2016,9,False
2016,2,False
2016,6,False
2016,10,False
2016,12,False
2016,10,False
2016,14,False
2016,1,False
2016,11,False
2016,2,False
2016,6,False
2016,2,False
2016,0,False
2016,7,False
2016,4,False
2016,3,False
2016,5,False
2016,3,False
2016,0,False
2016,3,False
2016,11,True
2016,17,False
2016,0,False
2016,37,False
2016,2,False
2016,6,False
2016,2,False
2016,37,False
2016,12,False
2016,2,False
2016,2,False
2016,14,False
2016,2,False
2016,24,False
2016,0,False
2016,7,False
2016,22,False
2016,78,False
2016,5,False
2016,3,False
2016,2,False
2016,15,False
2016,4,False
2016,31,False
2016,33,False
2016,48,False
2016,9,False
2016,3,False
2016,9,False
2016,4,False
2016,17,False
2016,8,False
2016,1,False
2016,5,False
2016,6,False
2016,3,False
2016,2,False
2016,1,False
2016,17,False
2016,0,False
2016,0,False
2016,2,False
2016,10,False
2016,0,False
2016,3,False
2016,5,False
2016,1,False
2016,2,False
2016,6,False
2016,2,False
2016,23,False
2016,7,False
2016,11,False
2016,0,False
2016,11,True
2016,0,False
2016,9,False
2016,3,False
2016,8,False
2016,2,False
2016,4,False
2016,9,False
2016,41,False
2016,10,False
2016,9,False
2016,12,False
2016,11,False
2016,7,False
2016,2,False
2016,3,False
2016,0,False
2016,8,False
2016,5,False
2016,13,False
2016,4,False
2016,1,False
2016,7,False
2016,2,False
2016,9,False
2016,6,False
2016,3,False
2016,9,False
2016,0,False
2016,9,False
2016,6,False
2016,7,False
2016,23,False
2016,9,False
2016,4,False
2016,12,False
2016,11,False
2016,1,False
2016,6,False
2016,3,False
2016,19,False
2016,6,False
2016,12,False
2016,6,False
2016,7,False
2016,4,False
2016,15,False
2016,18,False
2016,3,False
2016,4,False
2016,4,False
2016,7,False
2016,39,False
2016,2,False
2016,2,False
2016,0,False
2016,2,False
2016,61,False
2016,12,False
2016,3,False
2016,3,False
2016,31,False
2016,0,False
2016,3,False
2016,9,False
2016,23,False
2016,11,False
2016,17,False
2016,5,False
2016,14,False
2016,7,False
2016,6,False
2016,1,False
2016,2,False
2016,4,False
2016,25,False
2016,2,False
2016,14,False
2016,29,False
2016,0,False
2016,3,False
2016,1,False
2016,4,False
2016,9,False
2016,10,False
2016,21,False
2016,4,False
2016,13,False
2016,9,False
2016,1,False
2016,1,False
2016,3,False
2016,17,False
2016,1,False
2016,4,False
2016,8,False
2016,8,False
2016,0,False
2016,1,False
2016,5,False
2016,2,False
2016,3,False
2016,7,False
2016,16,False
2016,12,False
2016,6,False
2016,5,False
2016,9,False
2016,10,False
2016,11,False
2016,17,False
2016,10,False
2016,1,False
2016,15,False
2016,9,False
2016,6,False
2016,117,False
2016,20,False
2016,5,False
2016,4,False
2016,5,False
2016,11,False
2016,12,False
2016,5,False
2016,7,False
2016,20,False
2016,6,False
2016,3,False
2016,7,False
2016,4,False
2016,0,False
2016,3,False
2016,0,False
2016,1,False
2016,5,False
2016,4,False
2016,5,False
2016,11,False
2016,2,False
2016,6,False
2016,0,False
2016,0,False
2016,7,False
2016,1,False
2016,0,False
2016,1,False
2016,5,False
2016,9,False
2016,2,False
2016,3,False
2016,0,False
2016,9,False
2016,1,False
2016,0,False
2016,5,False
2016,16,False
2016,3,False
2016,6,False
2016,0,False
2016,6,False
2016,0,False
2016,2,False
2016,1,False
2016,3,False
2016,1,False
2016,1,False
2016,2,False
2016,0,False
2016,7,False
2016,0,False
2016,10,False
2016,5,False
2016,5,False
2016,4,False
2016,8,False
2016,2,False
2016,5,False
2016,4,False
2016,5,False
2016,2,False
2016,1,False
2016,3,False
2016,9,False
2016,4,False
2016,3,False
2016,1,False
2016,6,False
2016,0,False
2016,9,False
2016,9,False
2016,1,False
2016,12,False
2016,14,False
2016,9,False
2016,10,False
2016,5,False
2016,5,False
2016,2,False
2016,9,False
2016,13,False
2016,26,False
2016,1,False
2016,1,False
2016,3,False
2016,1,False
2016,2,False
2016,10,False
2016,18,False
2016,8,False
2016,12,False
2016,9,False
2016,8,False
2016,5,False
2016,15,False
2016,132,False
2016,1,False
2016,8,False
2016,3,False
2016,7,False
2016,9,False
2016,6,False
2016,3,False
2016,14,False
2016,7,False
2016,7,False
2016,4,False
2016,5,False
2016,15,False
2016,4,False
2016,4,False
2016,7,False
2016,0,False
2016,10,False
2016,1,False
2016,2,False
2016,4,False
2016,0,False
2016,4,False
2016,1,False
2016,7,False
2016,1,False
2016,3,False
2016,2,False
2016,11,False
2016,4,False
2016,19,False
2016,13,False
2016,4,False
2016,9,False
2016,2,False
2016,3,False
2016,3,False
2016,6,False
2016,0,False
2016,25,False
2016,19,False
2016,14,False
2016,2,False
2016,20,False
2016,3,False
2016,0,False
2016,5,False
2016,22,False
2016,7,False
2016,4,False
2016,6,False
2016,14,False
2016,20,False
2016,5,False
2016,23,False
2016,7,False
2016,10,False
2016,32,False
2016,14,False
2016,19,False
2016,11,False
2016,15,False
2016,91,False
2016,146,True
2016,45,False
2016,3,False
2016,2,False
2016,8,False
2016,3,False
2016,9,False
2016,0,False
2016,1,False
2016,6,False
2016,6,False
2016,5,False
2016,11,False
2016,0,False
2016,4,False
2016,6,False
2016,6,False
2016,9,False
2016,1,False
2016,3,False
2016,2,False
2016,2,False
2016,7,False
2016,3,False
2016,0,False
2016,3,True
2016,3,False
2016,5,False
2016,1,False
2016,2,False
2016,8,False
2016,6,False
2016,5,False
2016,4,False
2016,17,False
2016,5,False
2016,6,False
2016,3,False
2016,2,False
2016,2,False
2016,1,False
2016,15,False
2016,10,False
2016,4,False
2016,1,False
2016,9,False
2016,2,False
2016,29,False
2016,8,False
2016,7,False
2016,4,False
2016,13,False
2016,9,False
2016,18,False
2016,16,False
2016,9,False
2016,3,False
2016,7,False
2016,3,False
2016,4,False
2016,1,False
2016,4,False
2016,64,False
2016,16,False
2016,26,False
2016,33,False
2016,7,False
2016,34,False
2016,4,False
2016,1,False
2016,1,False
2016,3,False
2016,0,False
2016,6,False
2016,1,False
2016,11,False
2016,4,False
2016,10,False
2016,3,False
2016,16,False
2016,10,False
2016,6,False
2016,29,False
2016,16,False
2016,1,False
2016,2,False
2016,2,False
2016,35,False
2016,11,False
2016,4,False
2016,10,False
2016,0,False
2016,13,False
2016,17,False
2016,2,False
2016,5,False
2016,12,False
2016,4,False
2016,0,False
2016,15,False
2016,3,False
2016,7,False
2016,1,False
2016,6,False
2016,6,False
2016,9,False
2016,2,False
2016,5,False
2016,9,False
2016,5,False
2016,2,False
2016,1,False
2016,0,False
2016,4,False
2016,1,False
2016,2,False
2016,6,False
2016,1,False
2016,6,False
2016,16,False
2016,3,False
2016,0,False
2016,0,False
2016,11,False
2016,6,False
2016,20,False
2016,14,False
2016,0,False
2016,14,False
2016,3,False
2016,4,False
2016,17,False
2016,6,False
2016,2,False
2016,9,False
2016,3,False
2016,1,False
2016,1,False
2016,11,False
2016,3,False
2016,6,False
2016,7,False
2016,6,False
2016,7,False
2016,2,False
2016,14,False
2016,2,False
2016,29,False
2016,3,False
2016,2,False
2016,9,False
2016,13,False
2016,2,False
2016,3,False
2016,2,False
2016,1,False
2016,0,False
2016,0,False
2016,5,False
2016,8,False
2016,2,False
2016,2,False
2016,2,False
2016,5,False
2016,6,False
2016,41,False
2016,22,False
2016,1,False
2016,11,False
2016,1,False
2016,6,False
2016,3,False
2016,2,False
2016,25,False
2016,9,False
2016,9,False
2016,0,False
2016,28,False
2016,31,False
2016,0,False
2016,3,False
2016,3,False
2016,18,False
2016,3,False
2016,13,False
2016,12,False
2016,6,False
2016,3,False
2016,9,False
2016,2,False
2016,1,False
2016,6,False
2016,3,False
2016,5,False
2016,3,False
2016,3,False
2016,2,False
2016,7,False
2016,15,False
2016,2,False
2016,4,False
2016,19,False
2016,0,False
2016,8,False
2016,5,False
2016,1,False
2016,21,False
2016,17,False
2016,17,False
2016,9,False
2016,10,False
2016,0,False
2016,14,False
2016,9,False
2016,7,False
2016,11,False
2016,12,False
2016,7,False
2016,1,False
2016,5,False
2016,3,False
2016,0,False
2016,2,False
2016,0,False
2016,7,False
2016,8,False
2016,10,False
2016,7,False
2016,67,False
2016,14,False
2016,0,False
2016,14,False
2016,5,False
2016,11,False
2016,0,False
2016,7,False
2016,12,False
2016,2,False
2016,2,False
2016,4,False
2016,2,False
2016,11,False
2016,8,False
2016,1,False
2016,0,False
2016,18,False
2016,2,False
2016,1,False
2016,8,False
2016,0,False
2016,4,False
2016,0,False
2016,13,False
2016,3,False
2016,3,False
2016,12,False
2016,2,False
2016,6,False
2016,12,False
2016,4,False
2016,11,False
2016,16,False
2016,16,False
2016,10,False
2016,11,False
2016,23,False
2016,5,False
2016,40,False
2016,1,False
2016,3,False
2016,3,False
2016,2,False
2016,12,False
2016,0,False
2016,6,False
2016,1,False
2016,2,False
2016,0,False
2016,2,False
2016,0,False
2016,1,False
2016,0,False
2016,7,False
2016,3,False
2016,6,False
2016,10,False
2016,60,False
2016,70,False
2016,6,False
2016,2,False
2016,6,False
2016,29,False
2016,1,False
2016,8,False
2016,19,False
2016,1,False
2016,14,False
2016,89,False
2016,6,False
2016,5,False
2016,6,False
2016,11,False
2016,14,False
2016,3,False
2016,1,False
2016,5,False
2016,4,False
2016,0,False
2016,7,False
2016,5,False
2016,20,False
2016,15,False
2016,5,False
2016,35,False
2016,11,False
2016,3,False
2016,29,False
2016,15,False
2016,2,False
2016,0,False
2016,9,False
2016,7,False
2016,5,False
2016,4,False
2016,3,False
2016,2,False
2016,9,False
2016,9,True
2016,4,False
2016,10,False
2016,5,False
2016,6,False
2016,4,False
2016,25,False
2016,21,False
2016,7,False
2016,4,False
2016,2,False
2016,2,False
2016,3,False
2016,2,False
2016,1,False
2016,9,False
2016,7,False
2016,3,False
2016,1,False
2016,0,False
2016,1,False
2016,1,False
2016,26,False
2016,8,False
2016,10,False
2016,2,False
2016,71,False
2016,18,False
2016,4,False
2016,0,False
2016,4,False
2016,23,False
2016,28,False
2016,1,False
2016,3,False
2016,5,False
2016,3,False
2016,0,False
2016,10,False
2016,7,False
2016,4,False
2016,2,False
2016,0,False
2016,10,False
2016,8,False
2016,0,False
2016,0,False
2016,5,False
2016,6,False
2016,3,False
2016,6,False
2016,3,False
2016,2,False
2016,1,False
2016,14,False
2016,20,False
2016,4,False
2016,9,False
2016,1,False
2016,3,False
2016,6,False
2016,6,False
2016,3,False
2016,3,False
2016,1,False
2016,2,False
2016,8,False
2016,17,False
2016,7,False
2016,147,False
2016,0,False
2016,15,False
2016,5,False
2016,3,False
2016,16,False
2016,9,False
2016,3,False
2016,6,False
2016,3,False
2016,5,False
2016,4,False
2016,11,False
2016,1,False
2016,18,False
2016,20,False
2016,4,False
2016,2,False
2016,2,False
2016,2,False
2016,4,False
2016,18,False
2016,22,False
2016,9,False
2016,3,False
2016,3,False
2016,1,False
2016,5,False
2016,0,False
2016,4,False
2016,3,False
2016,3,False
2016,9,False
2016,5,False
2016,5,False
2016,32,False
2016,29,False
2016,14,False
2016,8,False
2016,31,False
2016,2,False
2016,8,False
2016,8,False
2016,6,False
2016,10,False
2016,5,False
2016,4,False
2016,8,False
2016,4,False
2016,9,False
2016,2,False
2016,4,False
2016,9,False
2016,19,False
2016,4,False
2016,8,False
2016,12,False
2016,3,False
2016,0,True
2016,7,False
2016,1,False
2016,3,False
2016,8,False
2016,8,False
2016,14,False
2016,7,False
2016,19,False
2016,2,False
2016,3,False
2016,14,False
2016,4,False
2017,6,False
2017,12,False
2017,0,False
2017,2,False
2017,13,False
2017,55,False
2017,5,False
2017,6,False
2017,0,False
2017,5,False
2017,4,False
2017,3,False
2017,17,False
2017,4,False
2017,11,True
2017,13,False
2017,5,False
2017,10,False
2017,0,False
2017,4,False
2017,1,False
2017,1,False
2017,0,False
2017,8,False
2017,2,False
2017,8,False
2017,25,False
2017,3,False
2017,18,False
2017,7,False
2017,8,False
2017,2,False
2017,15,False
2017,19,False
2017,10,False
2017,5,False
2017,1,False
2017,1,False
2017,6,False
2017,5,False
2017,3,False
2017,1,False
2017,1,False
2017,0,False
2017,5,False
2017,1,False
2017,3,False
2017,0,False
2017,3,False
2017,3,False
2017,4,False
2017,8,False
2017,18,False
2017,9,True
2017,20,False
2017,7,False
2017,14,False
2017,0,False
2017,3,False
2017,2,False
2017,11,False
2017,4,False
2017,4,False
2017,0,False
2017,3,False
2017,17,False
2017,0,False
2017,2,False
2017,0,False
2017,5,False
2017,0,False
2017,2,False
2017,20,True
2017,2,False
2017,6,False
2017,1,False
2017,23,False
2017,13,False
2017,5,False
2017,2,False
2017,2,False
2017,5,False
2017,2,False
2017,0,False
2017,1,False
2017,3,False
2017,10,False
2017,15,False
2017,1,False
2017,5,False
2017,2,False
2017,0,False
2017,6,False
2017,5,False
2017,9,False
2017,0,False
2017,4,False
2017,2,False
2017,2,False
2017,0,False
2017,0,False
2017,0,False
2017,3,False
2017,2,False
2017,0,False
2017,5,False
2017,2,False
2017,0,False
2017,10,False
2017,5,False
2017,2,False
2017,7,False
2017,1,False
2017,35,False
2017,8,False
2017,5,False
2017,14,False
2017,17,False
2017,24,False
2017,2,False
2017,5,False
2017,1,False
2017,3,False
2017,3,False
2017,7,False
2017,5,False
2017,8,False
2017,0,False
2017,1,False
2017,3,False
2017,13,False
2017,6,False
2017,1,False
2017,2,False
2017,0,False
2017,4,False
2017,4,False
2017,3,False
2017,2,False
2017,0,False
2017,1,False
2017,10,False
2017,4,False
2017,4,False
2017,3,False
2017,1,False
2017,4,False
2017,4,False
2017,0,False
2017,2,False
2017,1,False
2017,6,False
2017,0,False
2017,14,False
2017,3,False
2017,1,False
2017,1,False
2017,9,False
2017,14,False
2017,1,False
2017,2,False
2017,10,False
2017,22,False
2017,10,False
2017,8,False
2017,5,False
2017,13,False
2017,5,False
2017,7,False
2017,2,False
2017,1,False
2017,8,False
2017,14,False
2017,2,False
2017,41,False
2017,11,False
2017,3,False
2017,13,False
2017,21,False
2017,3,False
2017,8,False
2017,10,False
2017,8,False
2017,1,False
2017,3,False
2017,1,False
2017,13,False
2017,7,False
2017,1,False
2017,0,False
2017,0,False
2017,5,False
2017,10,False
2017,3,False
2017,3,False
2017,3,False
2017,18,False
2017,5,False
2017,30,True
2017,4,False
2017,26,False
2017,1,False
2017,19,False
2017,2,False
2017,9,False
2017,1,False
2017,2,False
2017,2,False
2017,15,False
2017,19,False
2017,34,False
2017,5,False
2017,33,False
2017,7,False
2017,10,False
2017,14,False
2017,4,False
2017,2,False
2017,17,False
2017,9,False
2017,5,False
2017,12,False
2017,2,False
2017,3,False
2017,10,False
2017,2,False
2017,1,False
2017,2,False
2017,3,False
2017,14,False
2017,24,False
2017,5,False
2017,5,False
2017,158,False
2017,9,False
2017,5,False
2017,3,False
2017,0,False
2017,0,False
2017,10,False
2017,4,False
2017,5,False
2017,5,False
2017,1,False
2017,1,False
2017,0,False
2017,1,False
2017,2,False
2017,3,False
2017,0,False
2017,2,False
2017,4,False
2017,6,False
2017,4,False
2017,18,False
2017,2,False
2017,0,False
2017,5,False
2017,7,False
2017,8,False
2017,9,False
2017,2,False
2017,4,False
2017,3,False
2017,0,False
2017,0,False
2017,2,False
2017,1,False
2017,1,False
2017,4,False
2017,12,False
2017,8,False
2017,9,False
2017,11,False
2017,11,False
2017,1,False
2017,1,False
2017,6,False
2017,4,False
2017,2,False
2017,19,False
2017,0,False
2017,13,False
2017,1,False
2017,3,False
2017,1,False
2017,4,False
2017,5,False
2017,44,False
2017,0,False
2017,12,False
2017,5,False
2017,4,False
2017,60,False
2017,5,False
2017,2,False
2017,1,False
2017,11,False
2017,2,False
2017,2,False
2017,3,False
2017,9,False
2017,13,False
2017,0,False
2017,4,False
2017,3,False
2017,5,False
2017,0,False
2017,13,False
2017,2,False
2017,1,False
2017,3,False
2017,13,False
2017,3,False
2017,0,False
2017,2,False
2017,9,False
2017,6,False
2017,1,False
2017,3,False
2017,1,False
2017,13,False
2017,0,False
2017,7,False
2017,5,False
2017,16,False
2017,1,False
2017,1,False
2017,7,False
2017,4,False
2017,1,False
2017,17,False
2017,5,False
2017,1,False
2017,5,False
2017,3,False
2017,0,False
2017,179,True
2017,4,False
2017,13,False
2017,13,False
2017,0,False
2017,11,False
2017,2,False
2017,0,False
2017,20,False
2017,7,False
2017,3,False
2017,2,False
2017,6,False
2017,0,False
2017,2,False
2017,1,False
2017,2,False
2017,7,False
2017,14,False
2017,2,False
2017,4,False
2017,6,False
2017,17,False
2017,3,False
2017,17,False
2017,32,False
2017,2,False
2017,3,False
2017,7,False
2017,5,False
2017,2,False
2017,3,False
2017,2,False
2017,0,False
2017,7,False
2017,4,False
2017,5,False
2017,1,False
2017,5,False
2017,11,False
2017,1,False
2017,7,False
2017,2,False
2017,9,False
2017,12,False
2017,0,False
2017,35,False
2017,3,False
2017,2,False
2017,1,False
2017,5,False
2017,5,False
2017,5,False
2017,2,False
2017,12,False
2017,9,False
2017,1,False
2017,4,False
2017,7,False
2017,4,False
2017,5,False
2017,1,False
2017,7,False
2017,2,False
2017,3,False
2017,1,False
2017,2,False
2017,2,False
2017,3,False
2017,17,False
2017,7,False
2017,2,False
2017,1,False
2017,6,False
2017,54,False
2017,5,False
2017,2,False
2017,6,False
2017,5,False
2017,1,False
2017,9,False
2017,10,False
2017,8,False
2017,1,False
2017,2,False
2017,0,False
2017,5,False
2017,5,False
2017,7,False
2017,2,False
2017,1,False
2017,2,False
2017,5,False
2017,15,False
2017,10,False
2017,28,False
2017,23,False
2017,4,False
2017,21,False
2017,28,False
2017,3,False
2017,6,False
2017,3,False
2017,2,False
2017,5,False
2017,5,False
2017,12,False
2017,2,False
2017,1,False
2017,10,False
2017,2,False
2017,19,False
2017,9,False
2017,8,False
2017,27,False
2017,0,False
2017,1,False
2017,12,False
2017,0,False
2017,5,False
2017,12,False
2017,7,False
2017,2,False
2017,1,False
2017,1,False
2017,0,False
2017,3,False
2017,4,False
2017,11,False
2017,5,False
2017,3,False
2017,3,False
2017,5,False
2017,2,False
2017,8,False
2017,15,False
2017,13,False
2017,0,False
2017,16,False
2017,3,False
2017,8,False
2017,1,False
2017,4,False
2017,2,False
2017,2,False
2017,1,False
2017,1,False
2017,6,False
2017,2,False
2017,22,False
2017,3,False
2017,1,False
2017,1,False
2017,7,False
2017,1,False
2017,5,False
2017,3,False
2017,11,False
2017,2,False
2017,4,False
2017,4,False
2017,2,False
2017,2,False
2017,0,False
2017,2,False
2017,2,False
2017,7,False
2017,6,False
2017,0,False
2017,0,False
2017,14,False
2017,4,False
2017,9,False
2017,8,False
2017,4,False
2017,1,False
2017,2,False
2017,1,False
2017,1,False
2017,0,False
2017,7,False
2017,1,False
2017,2,False
2017,6,False
2017,7,False
2017,13,False
2017,9,False
2017,40,False
2017,12,False
2017,1,False
2017,3,False
2017,3,False
2017,8,False
2017,0,False
2017,3,False
2017,2,False
2017,4,False
2017,2,False
2017,3,False
2017,29,False
2017,11,False
2017,1,False
2017,2,False
2017,1,False
2017,12,False
2017,5,False
2017,2,False
2017,0,False
2017,33,False
2017,1,False
2017,2,False
2017,4,False
2017,1,False
2017,12,False
2017,2,False
2017,1,False
2017,2,False
2017,6,False
2017,8,False
2017,4,False
2017,1,False
2017,9,False
2017,1,False
2017,2,False
2017,9,False
2017,7,False
2017,0,False
2017,6,False
2017,1,False
2017,0,False
2017,6,False
2017,1,False
2017,3,False
2017,0,False
2017,3,False
2017,4,False
2017,3,False
2017,4,False
2017,1,False
2017,4,False
2017,5,False
2017,2,False
2017,10,False
2017,38,False
2017,10,False
2017,2,False
2017,10,False
2017,9,False
2017,6,False
2017,2,False
2017,2,False
2017,8,False
2017,5,False
2017,0,False
2017,1,False
2017,10,False
2017,6,False
2017,6,False
2017,8,False
2017,1,False
2017,11,False
2017,2,False
2017,0,False
2017,1,False
2017,1,False
2017,4,False
2017,4,False
2017,2,False
2017,7,False
2017,5,False
2017,12,False
2017,2,False
2017,4,False
2017,2,False
2017,6,False
2017,2,False
2017,1,False
2017,12,False
2017,7,False
2017,14,False
2017,2,False
2017,0,False
2017,2,False
2017,2,False
2017,10,False
2017,1,False
2017,2,False
2017,1,False
2017,18,False
2017,4,False
2017,0,False
2017,3,False
2017,2,False
2017,0,False
2017,0,False
2017,12,False
2017,2,False
2017,9,False
2017,5,False
2017,6,False
2017,56,False
2017,2,False
2017,5,False
2017,0,False
2017,0,False
2017,9,False
2017,2,False
2017,6,False
2017,8,False
2017,2,False
2017,22,False
2017,7,False
2017,0,False
2017,6,False
2017,2,False
2017,2,False
2017,1,False
2017,2,False
2017,0,False
2017,7,False
2017,3,False
2017,2,False
2017,1,False
2017,5,False
2017,10,False
2017,10,False
2017,2,False
2017,3,False
2017,0,False
2017,26,False
2017,0,False
2017,49,False
2017,1,False
2017,7,False
2017,28,False
2017,31,False
2017,17,False
2017,1,False
2017,8,False
2017,7,False
2017,20,False
2017,1,False
2017,9,False
2017,10,False
2017,0,False
2017,6,False
2017,0,False
2017,1,False
2017,3,False
2017,9,False
2017,3,False
2017,2,False
2017,0,False
2017,2,False
2017,2,False
2017,18,False
2017,2,False
2017,2,False
2017,9,False
2017,9,False
2017,3,False
2017,1,False
2017,14,False
2017,0,False
2017,3,False
2017,3,False
2017,0,False
2017,4,True
2017,1,False
2017,2,False
2017,3,False
2017,6,False
2017,7,False
2017,1,False
2017,6,False
2017,8,False
2017,3,False
2017,12,False
2017,7,False
2017,7,False
2017,2,False
2017,14,False
2017,2,False
2017,21,False
2017,4,False
2017,1,False
2017,3,False
2017,3,False
2017,6,False
2017,8,False
2017,3,False
2017,2,False
2017,6,False
2017,4,False
2017,2,False
2017,1,False
2017,18,False
2017,11,False
2017,3,False
2017,1,False
2017,5,False
2017,11,False
2017,2,False
2017,6,False
2017,1,False
2017,31,False
2017,1,False
2017,22,False
2017,2,False
2017,2,False
2017,2,False
2017,1,False
2017,0,False
2017,6,False
2017,5,False
2017,9,False
2017,2,False
2017,6,False
2017,11,False
2017,0,False
2017,3,False
2017,1,False
2017,1,False
2017,4,False
2017,2,False
2017,0,False
2017,7,False
2017,5,False
2017,4,False
2017,9,False
2017,1,False
2017,8,False
2017,1,False
2017,22,False
2017,36,False
2017,17,False
2017,0,False
2017,27,False
2017,3,False
2017,11,False
2017,17,False
2017,0,False
2017,5,False
2017,9,False
2017,78,False
2017,5,False
2017,21,False
2017,10,False
2017,21,False
2017,30,False
2017,6,False
2017,6,False
2017,12,False
2017,8,False
2017,39,False
2017,0,False
2017,6,False
2017,10,False
2017,2,False
2017,2,False
2017,7,False
2017,1,False
2017,2,False
2017,0,False
2017,4,False
2017,3,False
2017,1,False
2017,7,False
2017,8,False
2017,5,False
2017,11,False
2017,17,False
2017,0,False
2017,0,False
2017,12,False
2017,0,False
2017,2,False
2017,5,False
2017,10,False
2017,4,False
2017,12,False
2017,19,False
2017,8,False
2017,0,False
2017,0,False
2017,1,False
2017,7,False
2017,7,False
2017,1,False
2017,2,False
2017,0,False
2017,1,False
2017,7,False
2017,3,False
2017,0,False
2017,3,False
2017,0,False
2017,4,False
2017,4,False
2017,10,False
2017,6,False
2017,1,False
2017,29,False
2017,7,False
2017,1,False
2017,3,False
2017,16,False
2017,3,False
2017,6,False
2017,17,False
2017,9,False
2017,7,False
2017,22,False
2017,3,False
2017,15,False
2017,3,False
2017,1,False
2017,1,False
2017,2,False
2017,1,False
2017,40,False
2017,6,False
2017,23,False
2017,17,False
2017,2,False
2017,35,False
2017,0,False
2017,4,False
2017,5,False
2017,3,False
2017,1,False
2017,8,False
2017,1,False
2017,2,False
2017,0,False
2017,6,False
2017,35,False
2017,4,False
2017,10,False
2017,10,False
2017,1,False
2017,0,False
2017,7,False
2017,3,False
2017,18,False
2017,4,False
2017,9,False
2017,7,False
2017,5,False
2017,2,False
2017,0,False
2017,43,False
2017,4,False
2017,6,False
2017,3,False
2017,6,False
2017,10,False
2017,2,False
2017,3,False
2017,2,False
2017,4,False
2017,10,False
2017,2,False
2017,3,False
2017,1,False
2017,11,False
2017,19,False
2017,2,False
2017,3,False
2017,0,False
2017,5,False
2017,4,False
2017,0,False
2017,22,False
2017,5,False
2017,3,False
2017,7,False
2017,1,False
2017,10,False
2017,10,False
2017,2,False
2017,1,False
2017,5,False
2017,1,False
2017,17,False
2017,3,False
2017,24,False
2017,1,False
2017,2,False
2017,1,False
2017,0,False
2017,7,False
2017,0,False
2017,4,False
2017,9,False
2017,4,False
2017,1,False
2017,3,False
2017,1,False
2017,0,False
2017,14,False
2017,3,False
2017,1,False
2017,1,False
2017,0,False
2017,3,False
2017,5,False
2017,26,False
2017,2,False
2017,3,False
2017,9,False
2017,4,False
2017,7,False
2017,7,False
2017,3,False
2017,7,False
2017,2,False
2017,41,False
2017,5,False
2017,17,False
2017,4,False
2017,1,False
2017,2,False
2017,1,False
2017,1,False
2017,0,False
2017,5,False
2017,20,False
2017,7,False
2017,0,False
2017,8,False
2017,4,False
2017,2,False
2017,1,False
2017,6,False
2017,0,False
2017,7,False
2017,9,False
2017,2,False
2017,4,False
2017,7,False
2017,0,False
2017,11,False
2017,2,False
2017,1,False
2017,1,False
2017,5,False
2017,5,False
2017,0,False
2017,1,False
2017,12,False
2017,0,False
2017,15,False
2017,11,False
2017,20,False
2017,8,False
2017,4,False
2017,5,False
2017,12,False
2017,14,False
2017,8,False
2017,9,False
2017,5,False
2017,3,False
2017,2,False
2017,6,False
2017,1,False
2017,1,False
2017,0,False
2017,5,False
2017,42,False
2017,5,False
2017,14,False
2017,3,False
2017,3,False
2017,2,False
2017,0,False
2017,0,False
2017,5,False
2017,4,False
2017,5,False
2017,2,False
2018,1,False
2018,3,False
2018,3,False
2018,2,False
2018,6,False
2018,4,False
2018,3,False
2018,0,False
2018,2,False
2018,20,False
2018,11,False
2018,20,False
2018,4,False
2018,0,False
2018,8,False
2018,0,False
2018,2,False
2018,5,False
2018,4,False
2018,2,False
2018,6,False
2018,32,False
2018,10,False
2018,39,False
2018,6,False
2018,15,False
2018,2,False
2018,0,False
2018,4,False
2018,22,False
2018,4,False
2018,3,False
2018,10,False
2018,3,False
2018,1,False
2018,4,False
2018,4,False
2018,1,False
2018,1,False
2018,9,False
2018,1,False
2018,3,False
2018,3,False
2018,0,False
2018,38,False
2018,2,False
2018,6,False
2018,6,False
2018,1,False
2018,1,False
2018,11,False
2018,17,False
2018,2,False
2018,1,False
2018,1,False
2018,2,False
2018,1,False
2018,5,False
2018,2,False
2018,5,False
2018,11,False
2018,8,False
2018,1,False
2018,15,False
2018,2,False
2018,11,False
2018,6,False
2018,3,False
2018,3,False
2018,3,False
2018,4,False
2018,0,False
2018,2,False
2018,5,False
2018,8,False
2018,7,False
2018,0,False
2018,1,False
2018,12,False
2018,6,False
2018,0,False
2018,8,False
2018,3,False
2018,0,False
2018,4,False
2018,3,False
2018,0,False
2018,0,False
2018,3,False
2018,5,False
2018,3,False
2018,3,False
2018,9,False
2018,0,False
2018,1,False
2018,3,False
2018,5,False
2018,1,False
2018,5,False
2018,0,False
2018,4,False
2018,6,False
2018,1,False
2018,0,False
2018,3,False
2018,1,False
2018,10,False
2018,13,False
2018,19,False
2018,7,False
2018,5,False
2018,4,False
2018,4,False
2018,7,False
2018,2,False
2018,9,False
2018,8,False
2018,0,False
2018,6,False
2018,9,False
2018,5,False
2018,13,False
2018,1,False
2018,1,False
2018,3,False
2018,6,False
2018,10,False
2018,13,False
2018,1,False
2018,3,False
2018,2,False
2018,5,False
2018,30,False
2018,10,False
2018,7,False
2018,48,False
2018,12,False
2018,7,False
2018,3,False
2018,1,False
2018,2,False
2018,6,False
2018,8,False
2018,8,False
2018,3,False
2018,2,False
2018,0,False
2018,2,False
2018,4,False
2018,6,False
2018,2,False
2018,4,False
2018,3,False
2018,4,False
2018,3,False
2018,0,False
2018,0,False
2018,8,False
2018,9,False
2018,1,False
2018,3,False
2018,19,False
2018,0,True
2018,10,False
2018,15,False
2018,3,False
2018,0,False
2018,14,False
2018,2,False
2018,3,False
2018,2,False
2018,15,False
2018,6,False
2018,16,False
2018,2,False
2018,1,False
2018,3,False
2018,1,False
2018,21,False
2018,8,False
2018,3,False
2018,3,False
2018,2,False
2018,3,False
2018,1,False
2018,0,False
2018,2,False
2018,3,False
2018,3,False
2018,4,False
2018,2,False
2018,0,False
2018,8,False
2018,3,False
2018,7,False
2018,8,False
2018,0,False
2018,3,False
2018,3,False
2018,3,False
2018,0,False
2018,4,False
2018,3,False
2018,3,False
2018,3,False
2018,2,False
2018,2,False
2018,5,False
2018,1,False
2018,1,False
2018,5,False
2018,4,False
2018,2,False
2018,7,False
2018,9,False
2018,0,False
2018,7,False
2018,8,False
2018,3,False
2018,8,False
2018,5,False
2018,3,False
2018,0,False
2018,5,False
2018,3,False
2018,3,False
2018,8,False
2018,5,False
2018,0,False
2018,13,False
2018,10,False
2018,1,False
2018,9,False
2018,5,False
2018,3,False
2018,1,False
2018,7,False
2018,1,False
2018,3,False
2018,5,False
2018,4,False
2018,1,False
2018,7,False
2018,0,False
2018,9,False
2018,4,False
2018,2,False
2018,0,False
2018,14,False
2018,0,False
2018,20,False
2018,4,False
2018,6,False
2018,21,False
2018,2,False
2018,21,True
2018,1,False
2018,3,False
2018,5,False
2018,1,False
2018,7,False
2018,2,False
2018,1,False
2018,4,False
2018,5,False
2018,2,False
2018,0,False
2018,5,False
2018,3,False
2018,0,False
2018,5,False
2018,0,False
2018,4,False
2018,6,False
2018,2,False
2018,1,False
2018,8,False
2018,35,False
2018,5,False
2018,3,False
2018,46,False
2018,2,False
2018,0,False
2018,3,False
2018,11,False
2018,1,False
2018,0,False
2018,6,False
2018,1,False
2018,7,False
2018,4,False
2018,5,False
2018,5,False
2018,1,False
2018,12,False
2018,33,False
2018,4,False
2018,14,False
2018,8,False
2018,3,False
2018,1,False
2018,2,False
2018,6,False
2018,1,False
2018,1,False
2018,4,False
2018,2,False
2018,0,False
2018,3,False
2018,0,False
2018,3,False
2018,5,False
2018,7,False
2018,0,False
2018,6,False
2018,8,False
2018,5,False
2018,10,False
2018,14,False
2018,5,False
2018,7,False
2018,20,False
2018,4,False
2018,3,False
2018,2,False
2018,1,False
2018,7,False
2018,9,False
2018,2,False
2018,4,False
2018,1,False
2018,1,False
2018,6,False
2018,11,False
2018,2,False
2018,2,False
2018,4,False
2018,9,False
2018,3,False
2018,3,False
2018,5,False
2018,6,False
2018,7,False
2018,7,False
2018,0,True
2018,2,False
2018,1,False
2018,18,False
2018,11,False
2018,0,False
2018,3,False
2018,2,False
2018,5,False
2018,0,False
2018,1,False
2018,4,False
2018,0,False
2018,2,False
2018,11,False
2018,7,False
2018,2,False
2018,12,False
2018,3,False
2018,2,False
2018,3,False
2018,3,False
2018,0,False
2018,12,False
2018,3,False
2018,0,False
2018,1,False
2018,0,False
2018,3,False
2018,2,False
2018,2,False
2018,1,False
2018,3,False
2018,0,False
2018,2,False
2018,11,False
2018,1,False
2018,3,False
2018,1,False
2018,0,False
2018,2,False
2018,2,False
2018,1,False
2018,1,False
2018,1,False
2018,2,False
2018,5,False
2018,4,False
2018,5,False
2018,4,False
2018,1,False
2018,1,False
2018,8,False
2018,23,False
2018,7,False
2018,56,False
2018,10,False
2018,20,False
2018,11,False
2018,3,False
2018,18,False
2018,5,False
2018,11,False
2018,1,False
2018,1,False
2018,0,False
2018,7,False
2018,5,False
2018,4,False
2018,1,False
2018,2,False
2018,8,False
2018,1,False
2018,3,False
2018,0,False
2018,0,False
2018,3,False
2018,0,False
2018,10,False
2018,3,False
2018,3,False
2018,0,False
2018,0,False
2018,0,False
2018,1,False
2018,2,False
2018,4,False
2018,2,False
2018,35,False
2018,8,False
2018,1,False
2018,2,False
2018,4,False
2018,3,False
2018,8,False
2018,0,False
2018,1,False
2018,3,False
2018,13,False
2018,0,False
2018,0,False
2018,0,False
2018,5,False
2018,1,False
2018,2,False
2018,3,False
2018,3,False
2018,5,False
2018,1,False
2018,3,False
2018,2,False
2018,11,False
2018,6,False
2018,3,False
2018,8,False
2018,2,False
2018,11,False
2018,6,False
2018,3,False
2018,0,False
2018,0,False
2018,2,False
2018,1,False
2018,5,False
2018,5,False
2018,5,False
2018,9,False
2018,12,False
2018,23,False
2018,22,False
2018,1,False
2018,4,False
2018,0,False
2018,12,False
2018,1,False
2018,10,False
2018,3,False
2018,5,False
2018,4,False
2018,4,False
2018,0,False
2018,1,False
2018,1,False
2018,8,False
2018,6,False
2018,3,False
2018,8,False
2018,87,False
2018,11,False
2018,31,False
2018,6,False
2018,5,False
2018,1,False
2018,0,False
2018,3,False
2018,1,False
2018,5,False
2018,21,False
2018,3,False
2018,12,False
2018,1,False
2018,0,False
2018,7,False
2018,0,False
2018,5,False
2018,4,False
2018,10,False
2018,12,False
2018,21,False
2018,16,False
2018,11,False
2018,21,False
2018,11,False
2018,8,False
2018,0,False
2018,0,False
2018,39,False
2018,11,False
2018,11,False
2018,8,False
2018,2,False
2018,4,False
2018,0,False
2018,4,False
2018,3,False
2018,1,False
2018,2,False
2018,5,False
2018,8,False
2018,29,False
2018,2,False
2018,4,False
2018,4,False
2018,6,False
2018,3,False
2018,6,False
2018,2,False
2018,2,False
2018,7,False
2018,3,False
2018,0,False
2018,0,False
2018,0,False
2018,2,False
2018,1,False
2018,1,False
2018,1,False
2018,2,False
2018,1,False
2018,1,False
2018,26,False
2018,3,False
2018,5,False
2018,1,False
2018,6,False
2018,2,False
2018,2,False
2018,1,False
2018,4,False
2018,1,False
2018,5,False
2018,7,False
2018,2,False
2018,1,False
2018,1,False
2018,0,False
2018,3,False
2018,7,False
2018,6,False
2018,0,False
2018,4,False
2018,1,False
2018,4,False
2018,6,False
2018,5,False
2018,17,False
2018,0,False
2018,27,False
2018,12,False
2018,0,False
2018,6,False
2018,0,False
2018,0,False
2018,1,False
2018,7,False
2018,4,False
2018,3,False
2018,3,False
2018,4,False
2018,43,False
2018,7,False
2018,12,False
2018,3,False
2018,4,False
2018,22,False
2018,10,False
2018,4,False
2018,0,False
2018,2,False
2018,0,False
2018,10,False
2018,3,False
2018,0,False
2018,2,False
2018,13,False
2018,4,False
2018,46,False
2018,7,False
2018,4,False
2018,2,False
2018,14,False
2018,54,False
2018,1,False
2018,0,False
2018,2,False
2018,10,False
2018,5,False
2018,53,True
2018,2,False
2018,17,False
2018,5,False
2018,7,False
2018,0,False
2018,0,False
2018,1,False
2018,11,False
2018,0,False
2018,9,False
2018,7,False
2018,14,False
2018,5,False
2018,5,False
2018,23,False
2018,11,False
2018,3,False
2018,6,False
2018,5,False
2018,9,False
2018,7,False
2018,1,False
2018,5,False
2018,5,False
2018,10,False
2018,17,False
2018,3,False
2018,6,False
2018,3,False
2018,0,False
2018,3,False
2018,24,False
2018,3,False
2018,1,False
2018,4,False
2018,0,False
2018,3,False
2018,6,False
2018,1,False
2018,4,False
2018,1,False
2018,2,False
2018,4,False
2018,3,False
2018,1,False
2018,4,False
2018,3,False
2018,2,False
2018,0,False
2018,21,False
2018,4,False
2018,20,False
2018,6,False
2018,0,False
2018,1,False
2018,0,False
2018,26,False
2018,5,False
2018,4,False
2018,6,False
2018,15,False
2018,3,False
2018,2,False
2018,0,False
2018,2,False
2018,4,False
2018,3,False
2018,13,False
2018,4,False
2018,2,False
2018,12,False
2018,2,False
2018,2,False
2018,0,False
2018,8,False
2018,15,False
2018,2,False
2018,7,False
2018,7,False
2018,0,False
2018,9,False
2018,2,False
2018,40,False
2018,2,False
2018,3,False
2018,3,False
2018,1,False
2018,15,False
2018,6,False
2018,49,False
2018,27,False
2018,11,False
2018,0,False
2018,2,False
2018,0,False
2018,0,False
2018,4,False
2018,5,False
2018,6,False
2018,2,False
2018,1,False
2018,2,False
2018,3,False
2018,1,False
2018,3,False
2018,2,False
2018,0,False
2018,0,False
2018,1,False
2018,1,False
2018,9,False
2018,0,False
2018,1,False
2018,2,False
2018,7,False
2018,38,False
2018,2,False
2018,3,False
2018,4,False
2018,5,False
2018,0,False
2018,2,False
2018,0,False
2018,33,False
2018,4,False
2018,7,False
2018,0,False
2018,4,False
2018,2,False
2018,0,False
2018,24,False
2018,1,False
2018,0,False
2018,0,False
2018,1,False
2018,3,False
2018,12,False
2018,3,False
2018,2,False
2018,7,False
2018,5,False
2018,2,False
2018,10,False
2018,19,False
2018,7,False
2018,12,False
2018,5,False
2018,2,False
2018,1,False
2018,1,False
2018,4,False
2018,4,False
2018,1,False
2018,4,False
2018,1,False
2018,3,False
2018,1,False
2018,1,False
2018,5,False
2018,5,False
2018,4,False
2018,3,False
2018,2,False
2018,2,False
2018,0,False
2018,7,False
2018,2,False
2018,5,False
2018,8,False
2018,4,False
2018,0,False
2018,2,False
2018,0,False
2018,4,False
2018,0,False
2018,2,False
2018,19,False
2018,0,False
2018,6,False
2018,1,False
2018,2,False
2018,5,False
2018,1,False
2018,31,False
2018,5,False
2018,0,False
2018,6,False
2018,14,False
2018,1,False
2018,10,False
2018,4,False
2018,15,False
2018,2,False
2018,3,False
2018,10,False
2018,0,False
2018,1,False
2018,12,False
2018,7,False
2018,0,False
2018,4,False
2018,4,False
2018,2,False
2018,2,False
2018,2,False
2018,5,False
2018,0,False
2018,5,False
2018,8,False
2018,0,False
2018,25,False
2018,2,False
2018,18,False
2018,5,False
2018,0,False
2018,1,False
2018,4,False
2018,4,False
2018,10,False
2018,11,False
2018,0,False
2018,2,False
2018,2,False
2018,1,False
2018,2,False
2018,7,False
2018,4,False
2018,2,False
2018,8,False
2018,0,False
2018,0,False
2018,17,False
2018,4,False
2018,7,False
2018,26,False
2018,2,False
2018,1,False
2018,1,False
2018,4,False
2018,7,False
2018,4,False
2018,5,False
2018,0,False
2018,3,False
2018,232,False
2018,5,False
2018,1,True
2018,0,False
2018,1,False
2018,0,False
2018,12,False
2018,5,False
2018,0,False
2018,9,False
2018,2,False
2018,6,False
2018,13,False
2018,4,False
2018,3,False
2018,2,False
2018,2,False
2018,7,False
2018,5,False
2018,1,False
2018,5,False
2018,1,False
2018,3,False
2018,0,False
2018,1,False
2018,2,False
2018,1,False
2018,2,False
2018,5,False
2018,0,False
2018,1,False
2018,5,False
2018,1,False
2018,6,False
2018,6,False
2018,33,False
2018,3,False
2018,1,False
2018,0,False
2018,1,False
2018,0,False
2018,0,False
2018,3,False
2018,2,False
2018,3,False
2018,3,False
2018,7,False
2018,3,False
2018,3,False
2018,29,True
2018,31,False
2018,3,False
2018,32,False
2018,0,False
2018,5,False
2018,2,False
2018,0,False
2018,5,False
2018,6,False
2018,6,False
2018,5,False
2018,1,False
2018,4,False
2018,0,False
2018,12,False
2018,27,False
2018,1,False
2018,0,False
2018,3,False
2018,42,False
2018,3,False
2018,0,False
2018,2,False
2018,4,False
2018,1,False
2018,13,False
2018,0,False
2018,4,False
2018,7,False
2018,13,False
2018,1,False
2018,8,False
2018,2,False
2018,1,False
2018,17,False
2018,0,False
2018,0,False
2018,0,False
2018,4,False
2018,1,False
2018,1,False
2018,1,False
2018,2,False
2018,12,False
2018,1,False
2018,9,False
2018,4,False
2018,0,False
2018,2,False
2018,3,False
2018,0,False
2018,5,False
2018,4,False
2018,23,False
2018,4,False
2018,5,False
2018,1,False
2018,7,False
2018,16,False
2018,19,False
2018,2,False
2018,4,False
2018,4,False
2018,4,False
2018,7,False
2018,0,False
2018,9,False
2018,2,False
2018,3,False
2018,2,False
2018,0,False
2018,1,False
2018,6,False
2018,12,False
2018,7,False
2018,2,False
2018,18,False
2018,4,False
2018,11,False
2018,2,False
2018,6,False
2018,4,False
2018,11,False
2018,0,False
2018,0,False
2018,3,False
2018,0,False
2018,0,False
2018,2,False
2018,2,False
2018,0,False
2018,1,False
2018,2,False
2018,2,False
2018,4,False
2018,4,False
2018,4,False
2018,6,False
2018,76,False
2018,11,False
2018,4,False
2018,3,False
2018,2,False
2018,1,False
2018,0,False
2018,0,False
2018,3,False
2018,4,False
2018,4,False
2018,5,False
2018,2,False
2018,2,False
2018,1,False
2018,4,False
2018,8,False
2018,0,False
2018,1,False
2018,14,False
2018,2,False
2018,1,False
2018,10,False
2018,5,False
2018,8,False
2018,2,False
2018,1,False
2018,7,False
2018,4,False
2018,15,False
2018,5,False
2019,8,False
2019,1,False
2019,4,False
2019,12,False
2019,0,False
2019,4,False
2019,2,False
2019,6,False
2019,1,False
2019,2,False
2019,7,False
2019,3,False
2019,3,False
2019,1,False
2019,3,False
2019,1,False
2019,0,False
2019,3,False
2019,1,False
2019,0,False
2019,1,False
2019,1,False
2019,0,False
2019,3,False
2019,2,False
2019,1,False
2019,4,False
2019,1,False
2019,1,False
2019,2,False
2019,0,False
2019,1,False
2019,2,False
2019,0,False
2019,0,False
2019,2,False
2019,16,False
2019,1,False
2019,5,False
2019,1,False
2019,6,False
2019,2,False
2019,1,False
2019,8,False
2019,19,False
2019,0,False
2019,4,False
2019,2,False
2019,0,False
2019,3,False
2019,4,False
2019,7,False
2019,6,False
2019,1,False
2019,15,False
2019,0,False
2019,3,False
2019,10,False
2019,1,False
2019,3,False
2019,1,False
2019,4,False
2019,5,False
2019,0,False
2019,2,False
2019,0,False
2019,7,False
2019,2,False
2019,7,False
2019,0,False
2019,4,False
2019,2,False
2019,0,False
2019,0,False
2019,86,False
2019,0,False
2019,4,False
2019,0,False
2019,0,False
2019,0,False
2019,0,False
2019,1,False
2019,0,False
2019,1,False
2019,2,False
2019,0,False
2019,3,False
2019,1,False
2019,1,False
2019,2,False
2019,1,False
2019,1,False
2019,0,False
2019,3,False
2019,3,False
2019,1,False
2019,4,False
2019,1,False
2019,0,False
2019,3,False
2019,0,False
2019,4,False
2019,0,False
2019,4,False
2019,3,False
2019,3,False
2019,3,False
2019,1,False
2019,0,False
2019,0,False
2019,0,False
2019,1,False
2019,1,False
2019,0,False
2019,2,False
2019,0,False
2019,7,False
2019,1,False
2019,0,False
2019,0,False
2019,3,False
2019,0,True
2019,6,False
2019,10,False
2019,3,False
2019,2,False
2019,1,False
2019,7,False
2019,6,False
2019,8,False
2019,2,False
2019,24,False
2019,5,False
2019,0,False
2019,3,False
2019,4,False
2019,0,False
2019,3,False
2019,14,False
2019,10,False
2019,2,True
2019,0,False
2019,4,False
2019,5,False
2019,0,False
2019,1,False
2019,3,False
2019,10,False
2019,1,False
2019,2,False
2019,2,False
2019,6,False
2019,3,False
2019,0,False
2019,4,False
2019,2,False
2019,5,False
2019,2,False
2019,1,False
2019,0,False
2019,1,False
2019,2,False
2019,2,False
2019,3,False
2019,0,False
2019,0,False
2019,3,False
2019,1,False
2019,9,False
2019,0,False
2019,1,False
2019,3,False
2019,1,False
2019,1,False
2019,1,False
2019,5,False
2019,1,False
2019,2,False
2019,0,False
2019,6,False
2019,2,False
2019,1,False
2019,0,False
2019,1,False
2019,2,False
2019,1,False
2019,16,False
2019,2,False
2019,13,False
2019,2,False
2019,0,False
2019,3,False
2019,3,False
2019,1,False
2019,5,False
2019,16,False
2019,0,False
2019,0,False
2019,0,False
2019,2,False
2019,0,False
2019,1,False
2019,8,False
2019,22,False
2019,4,True
2019,0,False
2019,2,False
2019,1,False
2019,23,False
2019,4,False
2019,1,False
2019,1,False
2019,7,False
2019,2,False
2019,1,False
2019,2,False
2019,3,False
2019,1,False
2019,1,False
2019,1,False
2019,5,False
2019,0,False
2019,2,False
2019,7,False
2019,3,False
2019,5,False
2019,1,False
2019,7,False
2019,0,False
2019,4,False
2019,1,False
2019,1,False
2019,0,False
2019,0,False
2019,2,False
2019,7,False
2019,5,False
2019,4,False
2019,16,False
2019,0,False
2019,4,False
2019,0,False
2019,2,False
2019,20,False
2019,1,False
2019,3,False
2019,1,False
2019,5,False
2019,1,False
2019,3,False
2019,9,False
2019,7,False
2019,0,False
2019,0,False
2019,3,False
2019,12,False
2019,7,False
2019,1,False
2019,44,False
2019,6,False
2019,4,False
2019,3,False
2019,5,False
2019,5,False
2019,0,False
2019,3,False
2019,2,False
2019,5,False
2019,4,False
2019,1,False
2019,0,False
2019,1,False
2019,0,False
2019,0,False
2019,1,False
2019,0,False
2019,2,False
2019,6,False
2019,9,False
2019,1,False
2019,2,False
2019,0,False
2019,0,False
2019,4,False
2019,3,False
2019,9,False
2019,3,False
2019,0,False
2019,4,False
2019,0,False
2019,2,False
2019,10,False
2019,0,False
2019,1,False
2019,1,False
2019,7,False
2019,1,False
2019,3,False
2019,3,False
2019,1,False
2019,4,False
2019,4,False
2019,0,False
2019,0,False
2019,8,False
2019,0,False
2019,3,False
2019,2,False
2019,0,False
2019,1,False
2019,0,False
2019,9,False
2019,1,False
2019,2,False
2019,1,False
2019,0,False
2019,0,False
2019,1,False
2019,1,False
2019,2,False
2019,12,False
2019,3,False
2019,3,False
2019,0,False
2019,4,False
2019,7,False
2019,1,False
2019,5,False
2019,4,False
2019,3,False
2019,3,False
2019,0,False
2019,0,False
2019,6,False
2019,1,False
2019,3,False
2019,0,False
2019,1,False
2019,5,False
2019,2,False
2019,6,False
2019,6,False
2019,1,False
2019,1,False
2019,1,False
2019,16,False
2019,0,False
2019,2,False
2019,1,False
2019,16,False
2019,5,False
2019,3,True
2019,1,False
2019,2,False
2019,0,False
2019,0,False
2019,4,False
2019,0,False
2019,6,False
2019,2,False
2019,0,False
2019,2,False
2019,6,False
2019,6,False
2019,2,False
2019,3,False
2019,3,False
2019,8,False
2019,3,False
2019,1,False
2019,2,False
2019,1,False
2019,3,False
2019,3,False
2019,0,False
2019,3,False
2019,4,False
2019,4,False
2019,2,False
2019,0,False
2019,3,False
2019,21,False
2019,27,False
2019,0,False
2019,48,False
2019,20,False
2019,3,False
2019,20,False
2019,0,False
2019,2,False
2019,2,False
2019,1,False
2019,2,False
2019,9,False
2019,7,False
2019,0,False
2019,5,False
2019,3,False
2019,1,False
2019,11,False
2019,1,False
2019,4,False
2019,1,False
2019,6,False
2019,0,False
2019,3,False
2019,0,False
2019,0,False
2019,6,False
2019,0,False
2019,1,False
2019,0,False
2019,1,False
2019,3,False
2019,1,False
2019,6,False
2019,0,False
2019,1,False
2019,3,False
2019,1,False
2019,3,False
2019,0,False
2019,0,False
2019,3,False
2019,2,False
2019,1,False
2019,7,False
2019,19,False
2019,0,False
2019,0,False
2019,24,False
2019,1,False
2019,2,False
2019,6,False
2019,4,False
2019,0,False
2019,1,False
2019,1,False
2019,1,False
2019,1,False
2019,2,False
2019,19,False
2019,0,False
2019,3,False
2019,1,False
2019,8,False
2019,7,False
2019,9,False
2019,3,False
2019,2,False
2019,4,False
2019,14,False
2019,3,False
2019,2,False
2019,0,False
2019,4,False
2019,3,False
2019,3,False
2019,3,False
2019,1,False
2019,1,False
2019,2,False
2019,3,False
2019,3,False
2019,2,False
2019,2,False
2019,3,False
2019,6,False
2019,0,False
2019,5,False
2019,0,False
2019,1,False
2019,1,False
2019,1,False
2019,1,False
2019,2,True
2019,1,False
2019,0,False
2019,3,False
2019,2,False
2019,3,False
2019,2,False
2019,1,False
2019,3,False
2019,1,False
2019,5,False
2019,0,False
2019,2,False
2019,0,False
2019,0,False
2019,1,False
2019,0,False
2019,24,False
2019,4,False
2019,9,False
2019,5,False
2019,0,False
2019,1,False
2019,5,False
2019,0,False
2019,2,False
2019,1,False
2019,1,False
2019,1,False
2019,2,False
2019,4,False
2019,2,False
2019,3,False
2019,1,False
2019,5,False
2019,0,False
2019,10,False
2019,2,False
2019,9,False
2019,0,False
2019,69,False
2019,0,False
2019,0,False
2019,5,False
2019,22,True
2019,7,False
2019,6,False
2019,9,False
2019,1,False
2019,2,False
2019,53,False
2019,19,False
2019,2,False
2019,0,False
2019,0,False
2019,0,False
2019,1,False
2019,1,False
2019,1,False
2019,0,False
2019,3,False
2019,2,False
2019,11,False
2019,4,False
2019,6,False
2019,5,False
2019,0,False
2019,2,False
2019,1,False
2019,0,False
2019,2,False
2019,5,False
2019,7,False
2019,1,False
2019,0,False
2019,3,False
2019,1,False
2019,1,False
2019,0,False
2019,5,False
2019,7,False
2019,2,False
2019,4,False
2019,2,False
2019,2,False
2019,19,False
2019,1,False
2019,6,False
2019,1,False
2019,0,False
2019,0,False
2019,1,False
2019,0,False
2019,2,False
2019,9,False
2019,4,False
2019,3,False
2019,3,False
2019,4,False
2019,13,False
2019,8,False
2019,1,False
2019,4,False
2019,0,False
2019,9,False
2019,5,False
2019,0,False
2019,0,False
2019,1,False
2019,10,False
2019,1,False
2019,1,False
2019,0,False
2019,0,False
2019,1,False
2019,6,False
2019,10,False
2019,4,False
2019,8,False
2019,3,False
2019,1,False
2019,4,False
2019,2,False
2019,2,False
2019,8,False
2019,0,False
2019,1,False
2019,3,False
2019,0,False
2019,1,False
2019,1,False
2019,1,False
2019,4,False
2019,7,False
2019,3,False
2019,1,False
2019,1,False
2019,4,False
2019,10,False
2019,10,False
2019,2,False
2019,1,False
2019,3,False
2019,2,False
2019,0,False
2019,28,False
2019,37,False
2019,9,False
2019,4,False
2019,6,False
2019,2,False
2019,3,False
2019,2,False
2019,1,False
2019,1,False
2019,3,False
2019,0,False
2019,3,False
2019,1,False
2019,0,False
2019,1,False
2019,3,False
2019,2,False
2019,2,False
2019,0,False
2019,15,False
2019,4,False
2019,3,False
2019,0,False
2019,0,False
2019,5,False
2019,2,True
2019,2,False
2019,4,False
2019,7,False
2019,17,False
2019,0,False
2019,4,False
2019,0,False
2019,3,False
2019,1,False
2019,20,False
2019,1,False
2019,6,False
2019,0,False
2019,2,False
2019,2,False
2019,4,False
2019,1,False
2019,9,False
2019,5,False
2019,30,False
2019,8,False
2019,12,False
2019,1,False
2019,7,False
2019,4,False
2019,3,False
2019,1,False
2019,1,False
2019,10,False
2019,1,False
2019,18,False
2019,9,False
2019,5,False
2019,4,False
2019,1,False
2019,26,False
2019,4,False
2019,19,False
2019,0,False
2019,2,False
2019,0,False
2019,0,False
2019,0,False
2019,18,False
2019,6,False
2019,1,False
2019,7,False
2019,0,False
2019,2,True
2019,13,False
2019,19,False
2019,8,False
2019,4,False
2019,3,False
2019,0,False
2019,2,False
2019,0,False
2019,3,False
2019,3,False
2019,5,False
2019,2,False
2019,4,False
2019,12,False
2019,5,False
2019,6,False
2019,0,False
2019,11,False
2019,6,False
2019,2,False
2019,4,False
2019,5,False
2019,2,False
2019,6,False
2019,18,False
2019,4,False
2019,3,False
2019,8,False
2019,1,False
2019,0,False
2019,4,False
2019,5,False
2019,1,False
2019,0,False
2019,14,False
2019,2,False
2019,0,False
2019,0,False
2019,1,False
2019,3,False
2019,2,False
2019,2,False
2019,1,False
2019,3,False
2019,0,False
2019,3,False
2019,0,False
2019,5,False
2019,1,False
2019,4,False
2019,3,False
2019,15,False
2019,16,False
2019,8,True
2019,3,False
2019,4,False
2019,10,False
2019,1,False
2019,5,False
2019,10,False
2019,1,False
2019,1,False
2019,64,False
2019,9,False
2019,18,False
2019,3,False
2019,1,False
2019,7,False
2019,8,False
2019,0,False
2019,1,False
2019,7,False
2019,1,False
2019,1,False
2019,6,False
2019,3,False
2019,1,False
2019,0,False
2019,6,False
2019,3,False
2019,0,False
2019,2,False
2019,7,False
2019,3,False
2019,0,False
2019,11,False
2019,20,False
2019,16,False
2019,8,False
2019,9,False
2019,1,False
2019,1,False
2019,12,False
2019,3,False
2019,5,False
2019,4,False
2019,22,False
2019,1,False
2019,1,False
2019,2,False
2019,0,False
2019,2,False
2019,0,False
2019,2,False
2019,1,False
2019,5,False
2019,0,False
2019,0,False
2019,1,False
2019,2,False
2019,2,False
2019,1,False
2019,0,False
2019,1,False
2019,0,False
2019,4,False
2019,4,False
2019,4,False
2019,3,False
2019,2,False
2019,5,False
2019,10,False
2019,0,False
2019,3,False
2019,0,False
2019,6,False
2019,7,False
2019,1,False
2019,2,False
2019,3,False
2019,1,False
2019,2,False
2019,3,False
2019,4,False
2019,16,False
2019,11,False
2019,1,False
2019,2,False
2019,6,True
2019,1,False
2019,0,False
2019,0,False
2019,1,False
2019,2,False
2019,0,False
2019,1,False
2019,4,False
2019,7,False
2019,2,False
2019,1,False
2019,5,False
2019,8,False
2019,0,False
2019,1,False
2019,8,False
2019,1,False
2019,0,False
2019,5,False
2019,1,False
2019,1,False
2019,0,False
2019,1,False
2019,0,False
2019,2,False
2019,1,False
2019,14,False
2019,6,False
2019,2,False
2019,4,False
2019,1,False
2019,6,False
2019,1,False
2019,0,False
2019,0,False
2019,4,False
2019,7,False
2019,0,False
2019,1,False
2019,0,False
2019,0,False
2019,2,False
2019,7,False
2019,4,False
2019,4,False
2019,3,False
2019,24,False
2019,1,False
2019,7,False
2019,5,False
2019,4,False
2019,11,False
2019,10,False
2019,6,False
2019,0,False
2019,0,False
2019,2,False
2019,1,False
2019,2,False
2019,1,False
2019,1,False
2019,3,False
2019,5,False
2019,5,False
2019,4,False
2019,1,False
2019,2,False
2019,2,False
2019,3,False
2019,4,False
2019,4,False
2019,8,False
2019,0,False
2019,0,False
2019,0,False
2019,2,False
2019,0,False
2019,1,True
2019,3,False
2019,5,False
2019,0,False
2019,0,False
2019,11,False
2019,0,False
2019,7,False
2019,0,False
2019,14,False
2019,0,False
2019,8,False
2019,16,False
2019,0,False
2019,3,False
2019,1,False
2019,1,False
2019,0,False
2019,1,False
2019,4,False
2019,0,False
2019,0,False
2019,3,False
2019,5,False
2019,4,False
2019,1,False
2019,14,False
2019,1,False
2019,3,True
2019,3,False
2019,3,False
2019,4,False
2019,0,False
2019,3,False
2019,4,False
2019,3,False
2019,1,False
2019,3,False
2019,2,False
2019,1,False
2019,9,False
2019,1,False
2019,4,False
2019,2,False
2019,12,False
2019,5,False
2019,3,False
2019,5,False
2019,11,False
2019,1,False
2019,4,False
2019,0,False
2019,3,False
2019,2,False
2019,11,False
2019,11,False
2019,2,False
2019,2,False
2019,0,False
2019,2,False
2019,1,False
2019,0,False
2019,1,False
2019,2,False
2019,35,False
2019,0,False
2019,1,False
2019,4,False
2019,0,False
2019,3,False
2019,7,False
2019,2,False
2019,5,False
2019,3,False
2019,2,False
2019,5,False
2019,0,False
2019,2,False
2019,4,False
2019,1,False
2019,0,False
2019,3,False
2019,1,False
2019,2,False
2019,2,False
2019,0,False
2019,1,False
2019,1,False
2019,6,False
2019,4,False
2019,2,False
2019,0,False
2019,9,False
2019,6,False
2019,1,False
2019,1,False
2019,0,False
2019,7,False
2019,2,False
2019,5,False
2019,2,False
2019,6,False
2019,12,False
2019,12,False
2019,0,True
2019,0,False
2019,5,False
2019,1,True
2019,1,False
2019,10,False
2019,10,False
2019,19,False
2019,7,False
2019,1,False
2019,9,False
2019,3,False
2019,4,False
2019,0,False
2019,1,False
2019,1,False
2019,3,False
2019,0,False
2019,7,True
2019,0,False
2019,1,False
2019,22,False
2019,3,False
2019,9,False
2019,0,False
2019,10,False
2019,13,False
2019,0,False
2019,3,False
2019,1,False
2019,1,False
2019,1,False
2019,1,False
2019,9,False
2019,3,False
2019,5,False
2019,21,False
2019,0,False
2019,2,False
2019,2,False
2019,0,False
2019,0,False
2019,22,False
2019,1,False
2019,2,False
2019,6,False
2019,0,False
2019,0,False
2019,4,False
2019,0,True
2019,0,False
2019,1,False
2019,0,False
2019,1,False
2019,1,False
2019,2,False
2019,4,False
2019,1,False
2019,9,False
2019,5,False
2019,5,False
2019,12,False
2019,5,False
2019,15,False
2019,5,False
2019,0,False
2019,1,False
2019,2,False
2019,1,False
2019,3,False
2019,1,False
2019,1,False
2019,0,False
2019,3,False
2019,2,False
2019,6,False
2019,3,False
2019,3,False
2019,1,False
2019,0,False
2019,1,False
2019,0,False
2019,14,False
2019,1,False
2019,4,False
2019,6,False
2019,2,False
2019,2,False
2019,1,False
2019,0,False
2019,0,False
2019,5,False
2019,3,False
2019,3,False
2019,0,False
2019,3,False
2019,1,False
2019,0,False
2019,1,False
2019,1,False
2019,4,False
2019,2,False
2019,0,False
2019,2,False
2019,0,False
2019,4,False
2019,0,False
2019,14,False
2019,0,False
2019,2,False
2019,6,False
2019,0,False
2019,2,False
2019,2,False
2019,1,False
2019,0,False
2019,0,False
2019,2,False
2019,1,False
2019,1,False
2019,1,False
2019,2,False
2019,2,False
2019,0,False
2019,0,False
2019,3,False
2019,10,False
2019,12,False
2019,3,False
2019,2,False
2019,0,False
2019,2,False
2019,30,False
2019,1,False
2019,5,False
2019,3,False
2019,1,False
2019,1,False
2019,6,False
2019,0,False
2019,1,False
2019,4,False
2019,6,False
2019,4,False
2019,2,False
2019,5,False
2019,2,False
2019,4,False
2019,1,False
2019,0,False
2019,3,False
2019,3,False
2019,0,False
2019,4,False
2019,5,False
2019,3,False
2019,3,False
2019,2,False
2019,2,False
2019,10,False
2019,64,False
2019,12,False
2019,3,False
2019,8,False
2019,6,False
2019,3,False
2019,1,False
2019,3,False
2019,1,False
2019,5,False
2019,2,False
2019,2,False
2019,22,False
2020,7,False
2020,1,False
2020,0,False
2020,0,False
2020,5,False
2020,1,False
2020,8,False
2020,0,False
2020,0,False
2020,4,False
2020,2,False
2020,0,False
2020,0,False
2020,0,False
2020,4,False
2020,3,False
2020,0,False
2020,2,False
2020,0,False
2020,0,False
2020,1,False
2020,0,False
2020,0,False
2020,5,False
2020,0,False
2020,2,False
2020,5,False
2020,4,False
2020,2,False
2020,1,False
2020,2,False
2020,0,False
2020,2,False
2020,0,False
2020,3,False
2020,0,False
2020,0,False
2020,1,False
2020,0,False
2020,0,False
2020,0,False
2020,1,False
2020,0,False
2020,3,False
2020,9,False
2020,5,False
2020,2,False
2020,4,False
2020,0,False
2020,0,False
2020,0,False
2020,1,False
2020,0,False
2020,1,False
2020,2,False
2020,4,False
2020,1,False
2020,1,False
2020,3,False
2020,3,False
2020,3,False
2020,3,False
2020,6,False
2020,6,False
2020,2,False
2020,0,False
2020,2,False
2020,0,False
2020,3,False
2020,1,False
2020,1,False
2020,3,False
2020,1,False
2020,1,False
2020,0,False
2020,0,False
2020,1,False
2020,1,False
2020,4,False
2020,15,False
2020,0,False
2020,5,False
2020,2,False
2020,0,False
2020,1,False
2020,0,False
2020,0,False
2020,1,False
2020,3,False
2020,2,False
2020,1,False
2020,1,False
2020,1,False
2020,4,False
2020,7,False
2020,1,False
2020,1,False
2020,0,False
2020,0,False
2020,0,False
2020,33,True
2020,2,False
2020,3,False
2020,17,False
2020,3,False
2020,2,False
2020,1,False
2020,0,False
2020,0,False
2020,2,False
2020,9,False
2020,3,False
2020,4,False
2020,0,False
2020,0,False
2020,0,True
2020,0,False
2020,1,False
2020,0,False
2020,1,False
2020,3,False
2020,0,False
2020,10,False
2020,1,False
2020,1,False
2020,14,False
2020,1,False
2020,0,False
2020,4,False
2020,1,False
2020,2,False
2020,9,False
2020,4,False
2020,8,False
2020,4,False
2020,5,False
2020,2,False
2020,0,False
2020,5,False
2020,1,False
2020,0,False
2020,0,False
2020,0,False
2020,0,False
2020,0,False
2020,1,False
2020,1,False
2020,0,False
2020,3,False
2020,6,False
2020,3,False
2020,0,False
2020,2,False
2020,3,False
2020,0,False
2020,2,False
2020,1,False
2020,1,False
2020,0,True
2020,23,False
2020,9,False
2020,1,False
2020,0,False
2020,0,False
2020,2,False
2020,0,False
2020,1,False
2020,1,False
2020,6,False
2020,6,False
2020,1,False
2020,0,False
2020,3,False
2020,5,False
2020,9,False
2020,1,False
2020,1,False
2020,1,False
2020,0,False
2020,1,False
2020,0,False
2020,1,False
2020,0,False
2020,2,False
2020,3,False
2020,1,False
2020,5,False
2020,1,False
2020,9,False
2020,1,False
2020,3,False
2020,1,False
2020,7,False
2020,1,False
2020,1,False
2020,22,False
2020,2,False
2020,2,False
2020,0,False
2020,1,False
2020,1,False
2020,1,False
2020,9,False
2020,4,False
2020,2,False
2020,2,False
2020,2,False
2020,1,False
2020,0,False
2020,11,True
2020,4,False
2020,6,False
2020,0,False
2020,0,False
2020,2,False
2020,1,False
2020,12,False
2020,1,False
2020,5,False
2020,4,False
2020,4,False
2020,0,False
2020,6,False
2020,1,False
2020,0,False
2020,0,False
2020,8,False
2020,1,False
2020,1,False
2020,2,False
2020,3,False
2020,18,False
2020,9,False
2020,9,True
2020,10,False
2020,0,False
2020,0,False
2020,1,False
2020,1,False
2020,2,False
2020,1,False
2020,0,False
2020,0,False
2020,0,False
2020,6,False
2020,4,False
2020,8,False
2020,22,False
2020,6,False
2020,3,False
2020,1,False
2020,3,False
2020,4,False
2020,0,False
2020,3,False
2020,18,False
2020,0,False
2020,0,False
2020,16,False
2020,6,False
2020,0,False
2020,1,False
2020,0,False
2020,5,False
2020,0,False
2020,0,False
2020,1,False
2020,0,False
2020,6,False
2020,1,False
2020,9,False
2020,8,False
2020,1,False
2020,4,False
2020,8,False
2020,3,False
2020,3,False
2020,5,False
2020,9,False
2020,0,False
2020,1,False
2020,0,False
2020,2,False
2020,0,False
2020,1,False
2020,0,False
2020,0,False
2020,1,False
2020,0,False
2020,1,False
2020,0,False
2020,16,False
2020,9,False
2020,0,False
2020,10,False
2020,0,False
2020,0,False
2020,1,False
2020,1,False
2020,2,False
2020,2,False
2020,3,False
2020,5,False
2020,2,True
2020,1,False
2020,0,False
2020,0,False
2020,4,False
2020,2,False
2020,1,False
2020,0,False
2020,1,False
2020,0,False
2020,1,False
2020,8,False
2020,0,False
2020,0,False
2020,0,False
2020,0,False
2020,1,False
2020,6,False
2020,1,False
2020,0,False
2020,7,False
2020,0,False
2020,0,False
2020,1,False
2020,2,False
2020,1,False
2020,0,False
2020,0,False
2020,2,False
2020,2,False
2020,1,False
2020,8,False
2020,0,False
2020,4,False
2020,0,False
2020,1,False
2020,0,False
2020,2,False
2020,0,False
2020,0,False
2020,0,False
2020,0,False
2020,2,False
2020,2,False
2020,0,False
2020,2,False
2020,7,False
2020,0,False
2020,2,False
2020,5,False
2020,4,True
2020,3,False
2020,3,False
2020,9,False
2020,0,False
2020,0,False
2020,0,False
2020,0,False
2020,2,False
2020,0,False
2020,2,False
2020,3,False
2020,0,False
2020,1,False
2020,3,False
2020,2,False
2020,4,False
2020,0,False
2020,7,False
2020,2,False
2020,2,False
2020,2,False
2020,0,False
2020,0,False
2020,1,False
2020,0,False
2020,2,False
2020,2,False
2020,0,False
2020,1,False
2020,0,False
2020,0,False
2020,0,False
2020,0,False
2020,1,False
2020,6,True
2020,0,False
2020,0,False
2020,4,False
2020,1,False
2020,1,False
2020,3,False
2020,2,False
2020,1,False
2020,15,False
2020,7,False
2020,1,False
2020,1,False
2020,4,False
2020,0,False
2020,1,False
2020,4,False
2020,12,False
2020,0,False
2020,2,False
2020,0,False
2020,8,False
2020,8,False
2020,0,False
2020,0,False
2020,0,False
2020,1,False
2020,0,False
2020,1,False
2020,2,False
2020,0,False
2020,0,False
2020,1,False
2020,0,False
2020,0,False
2020,1,False
2020,2,False
2020,2,False
2020,1,False
2020,2,False
2020,16,False
2020,9,False
2020,2,False
2020,2,False
2020,0,False
2020,0,False
2020,0,False
2020,0,False
2020,0,False
2020,0,False
2020,2,False
2020,6,False
2020,2,False
2020,1,False
2020,2,False
2020,0,False
2020,0,False
2020,20,False
2020,0,False
2020,55,True
2020,6,False
2020,0,False
2020,0,False
2020,0,False
2020,3,False
2020,1,False
2020,2,False
2020,3,False
2020,4,False
2020,2,False
2020,1,False
2020,3,False
2020,1,False
2020,6,False
2020,0,False
2020,0,False
2020,1,False
2020,5,False
2020,118,True
2020,1,False
2020,0,False
2020,9,False
2020,0,False
2020,1,False
2020,5,False
2020,2,False
2020,0,False
2020,0,False
2020,0,False
2020,0,False
2020,2,False
2020,0,False
2020,0,False
2020,3,False
2020,2,False
2020,0,False
2020,0,False
2020,0,False
2020,0,False
2020,2,False
2020,1,False
2020,1,False
2020,2,False
2020,0,False
2020,0,False
2020,2,False
2020,1,False
2020,4,False
2020,5,False
2020,1,False
2020,0,False
2020,0,True
2020,1,False
2020,1,False
2020,1,False
2020,1,False
2020,2,False
2020,1,False
2020,0,False
2020,0,False
2020,2,False
2020,2,False
2020,1,False
2020,0,False
2020,1,False
2020,0,False
2020,9,False
2020,3,False
2020,1,False
2020,1,False
2020,0,False
2020,0,False
2020,0,False
2020,7,False
2020,2,False
2020,5,False
2020,0,False
2020,5,False
2020,0,False
2020,0,False
2020,0,False
2020,0,False
2020,4,False
2020,0,False
2020,1,False
2020,10,False
2020,0,False
2020,1,False
2020,0,False
2020,1,False
2020,0,False
2020,5,False
2020,0,False
2020,0,False
2020,0,False
2020,1,False
2020,1,False
2020,4,False
2020,0,False
2020,3,False
2020,0,False
2020,11,False
2020,0,False
2020,22,False
2020,3,False
2020,0,False
2020,1,False
2020,3,False
2020,1,False
2020,6,False
2020,0,True
2020,2,False
2020,0,False
2020,0,False
2020,0,False
2020,1,False
2020,6,False
2020,1,False
2020,2,False
2020,0,False
2020,0,False
2020,3,False
2020,0,False
2020,2,False
2020,1,False
2020,2,False
2020,0,False
2020,4,False
2020,1,False
2020,3,False
2020,3,False
2020,0,False
2020,1,False
2020,2,False
2020,0,False
2020,1,False
2020,0,False
2020,0,False
2020,0,False
2020,1,False
2020,0,False
2020,0,False
2020,0,False
2020,7,False
2020,2,False
2020,3,False
2020,4,False
2020,0,False
2020,8,False
2020,4,False
2020,2,False
2020,15,False
2020,2,False
2020,0,False
2020,0,False
2020,7,False
2020,0,False
2020,0,False
2020,0,False
2020,3,False
2020,0,False
2020,0,False
2020,3,False
2020,3,False
2020,0,False
2020,10,False
2020,0,False
2020,4,False
2020,1,False
2020,0,False
2020,3,False
2020,0,False
2020,1,False
2020,1,False
2020,1,False
2020,1,False
2020,0,False
2020,0,False
2020,6,False
2020,0,False
2020,0,False
2020,0,False
2020,1,False
2020,4,False
2020,0,False
2020,0,False
2020,1,False
2020,9,False
2020,8,False
2020,9,False
2020,0,False
2020,0,False
2020,5,False
2020,0,False
2020,1,False
2020,1,False
2020,1,False
2020,1,False
2020,4,False
2020,2,False
2020,0,False
2020,9,False
2020,5,False
2020,0,False
2020,0,False
2020,0,False
2020,6,False
2020,9,False
2020,1,False
2020,3,False
2020,2,False
2020,1,False
2020,0,False
2020,0,False
2020,0,False
2020,0,False
2020,1,False
2020,0,False
2020,1,False
2020,0,False
2020,1,False
2020,0,False
2020,1,False
2020,0,False
2020,1,False
2020,2,False
2020,1,False
2020,2,False
2020,3,False
2020,2,False
2020,13,False
2020,16,False
2020,0,False
2020,1,False
2020,0,False
2020,0,False
2020,0,False
2020,2,False
2020,5,False
2020,4,False
2020,0,False
2020,9,False
2020,7,False
2020,0,False
2020,2,False
2020,0,False
2020,2,False
2020,0,False
2020,2,False
2020,4,False
2020,2,False
2020,0,False
2020,3,False
2020,8,False
2020,1,False
2020,6,False
2020,0,False
2020,2,False
2020,1,False
2020,1,False
2020,0,False
2020,1,False
2020,1,False
2020,0,False
2020,0,False
2020,1,False
2020,0,False
2020,2,False
2020,0,False
2020,0,False
2020,26,False
2020,0,False
2020,0,False
2020,2,False
2020,1,False
2020,2,False
2020,0,False
2020,1,False
2020,0,False
2020,0,False
2020,0,False
2020,1,False
2020,0,False
2020,1,False
2020,2,False
2020,0,False
2020,1,False
2020,0,False
2020,8,False
2020,12,False
2020,2,False
2020,2,False
2020,0,False
2020,2,False
2020,2,False
2020,3,False
2020,4,False
2020,12,True
2020,3,False
2020,3,False
2020,3,False
2020,1,False
2020,0,False
2020,3,False
2020,1,False
2020,3,False
2020,6,False
2020,0,False
2020,6,False
2020,7,False
2020,0,False
2020,1,False
2020,1,False
2020,3,False
2020,1,False
2020,0,False
2021,0,False
2021,0,True
2021,0,False
2021,0,False
2021,1,False
2021,0,False
2021,2,False
2021,1,False
2021,0,False
2021,0,False
2021,1,False
2021,1,False
2021,1,False
2021,1,False
2021,0,False
2021,1,False
2021,1,False
2021,0,False
2021,0,False
2021,0,False
2021,1,False
2021,0,False
2021,0,False
2021,2,False
2021,1,False
2021,0,False
2021,1,False
2021,1,False
2021,5,False
2021,0,False
2021,0,False
2021,0,False
2021,0,False
2021,1,False
2021,8,False
2021,0,False
2021,1,False
2021,0,False
2021,0,False
2021,0,False
2021,0,False
2021,1,False
2021,0,False
2021,0,False
2021,0,False
2021,0,False
2021,0,False
2021,1,False
2021,1,False
2021,0,False
2021,1,False
2021,1,False
2021,1,False
2021,0,False
2021,0,False
2021,4,False
2021,1,False
2021,0,False
2021,0,False
2021,0,False
2021,0,False
2021,0,False
2021,0,False
2021,0,False
2021,2,False
2021,3,False
2021,0,False
2021,0,False
2021,0,True
2021,0,False
2021,0,False
2021,0,False
2021,3,False
2021,0,False
2021,0,False
2021,2,False
2021,3,False
2021,1,False
2021,1,False
2021,0,False
2021,1,False
2021,5,True
2021,1,False
2021,1,False
2021,1,False
2021,4,False
2021,0,False
2021,0,False
2021,0,False
2021,0,False
2021,0,False
2021,1,False
2021,3,False
2021,2,False
2021,0,False
2021,0,False
2021,0,False
2021,0,False
2021,3,False
2021,2,False
2021,1,False
2021,3,False
2021,7,False
2021,9,False
2021,3,False
2021,0,False
2021,7,False
2021,0,False
2021,0,False
2021,1,False
2021,0,False
2021,0,False
2021,0,False
2021,1,False
2021,0,False
2021,0,False
2021,0,False
2021,0,False
2021,0,False
2021,0,False
2021,0,False
2021,1,False
2021,0,False
2021,3,True
2021,0,False
2021,0,False
2021,1,False
2021,0,False
2021,1,False
2021,1,False
2021,1,False
2021,0,False
2021,0,False
2021,0,False
2021,0,False
2021,0,False
2021,1,False
2021,0,True
2021,0,False
2021,2,False
2021,1,False
2021,1,False
2021,0,False
2021,0,False
2021,0,False
2021,1,False
2021,0,False
2021,0,False
2021,0,False
2021,0,False
2021,0,False
2021,1,False
2021,0,False
2021,0,False
2021,0,False
2021,1,False
2021,0,False
2021,0,False
2021,0,False
2021,2,False
2021,0,False
2021,1,False
2021,1,False
2021,0,False
2021,2,False
2021,0,False
2021,1,False
2021,0,False
2021,0,False
2021,3,False
2021,0,False
2021,0,False
2021,0,False
2021,0,False
2021,5,False
2021,0,False
2021,0,False
2021,4,False
2021,2,False
2021,0,False
2021,7,False
2021,0,False
2021,0,False
2021,0,False
2021,0,False
2021,0,False
2021,0,False
2021,4,False
2021,1,False
2021,1,True
2021,0,False
2021,0,False
2021,0,False
2021,0,False
2021,0,False
2021,0,False
2021,0,False
2021,0,False
2021,7,False
2021,1,False
2021,0,False
2021,8,False
2021,13,False
2021,1,True
2021,3,False
2021,0,False
2021,1,False
2021,0,False
2021,0,False
2021,1,False
2021,0,False
2021,2,False
2021,2,False
2021,2,True
2021,1,False
2021,0,False
2021,0,False
2021,0,False
2021,0,False
2021,0,False
2021,0,False
2021,0,False
2021,0,False
2021,1,False
2021,2,False
2021,2,False
2021,0,False
2021,0,False
2021,1,False
2021,0,False
2021,0,False
2021,0,False
2021,0,False
2021,2,False
2021,2,False
2021,0,False
2021,1,False
2021,0,False
2021,0,False
2021,0,False
2021,0,False
2021,0,False
2021,0,False
2021,0,False
2021,0,False
2021,0,False
2021,0,False
2021,0,False
2021,0,False
2021,3,False
2021,0,False
2021,0,False
2021,0,False
2021,0,False
2021,0,False
2021,0,False
2021,2,False
2021,0,False
2021,0,False
2021,1,False
2021,1,False
2021,0,False
2021,0,False
2021,0,False
2021,0,False
2021,0,False
2021,0,False
2021,0,False
2021,0,True
2021,0,False
2021,0,False
2021,1,False
2021,0,False
2021,0,False
2021,0,False
2021,0,False
2021,0,True
2021,0,False
2021,0,False
2021,2,False
2021,4,False
2021,0,False
2021,0,False
2021,0,False
2021,2,False
2021,1,False
2021,0,False
2021,0,False
2021,0,False
2021,0,False
2021,1,False
2021,2,False
2021,2,False
2021,1,False
2021,1,False
2021,1,False
2021,1,False
2021,0,False
2021,0,False
2021,1,False
2021,0,False
2021,1,False
2021,2,False
2021,0,False
2021,0,False
2021,1,False
2021,0,False
2021,7,False
2021,2,False
2021,0,False
2021,0,False
2021,3,False
2021,1,False
2021,1,False
2021,4,False
2021,1,False
2021,0,False
2021,2,False
2021,0,False
2021,2,False
2021,0,False
2021,0,False
2021,0,False
2021,1,False
2021,7,False
2021,0,False
2021,1,False
2021,0,False
2021,0,False
2021,0,False
2021,0,False
2021,0,False
2021,0,False
2021,0,False
2021,0,False
2021,0,False
2021,0,False
2021,0,False
2021,0,True
2021,6,False
2021,1,False
2021,0,False
2021,0,False
2021,0,False
2021,1,False
2021,1,False
2021,0,False
2021,0,False
2021,0,False
2021,0,False
2021,0,False
2021,0,False
2021,1,False
2021,2,False
2021,2,False
2021,6,False
2021,2,False
2021,1,False
2021,1,False
2021,2,False
2021,1,False
2021,3,False
2021,0,False
2021,1,False
2021,3,False
2021,1,False
2021,0,False
2021,0,False
2021,0,False
2021,0,False
2021,0,False
2021,0,False
2021,1,False
2021,0,False
2021,0,False
2021,0,False
2021,0,False
2021,1,False
2021,0,False
2021,1,False
2021,1,False
2021,0,False
2021,1,False
2021,6,False
2021,0,False
2021,5,False
2021,12,False
2021,0,False
2021,4,False
2021,0,False
2021,2,False
2021,1,False
2021,2,False
2021,2,False
2021,0,False
2021,0,False
2021,0,False
2021,3,False
2021,2,False
2021,9,False
2021,0,False
2021,1,False
2021,0,False
2021,0,False
2021,0,False
2021,0,False
2021,0,False
2021,2,False
2021,0,False
2021,3,False
2021,1,False
2021,0,False
2021,0,False
2021,1,False
2021,5,False
2021,2,False
2021,0,False
2021,3,False
2021,0,False
2021,1,False
2021,2,False
2021,1,False
2021,5,False
2021,0,False
2021,0,False
2021,1,False
2021,1,False
2021,0,False
2021,3,True
2021,1,False
2021,0,False
2021,0,False
2021,1,False
2021,0,False
2021,2,False
2021,0,False
2021,4,False
2021,0,False
2021,0,False
2021,0,False
2021,0,False
2021,0,False
2021,0,False
2021,2,False
2021,0,False
2021,1,False
2021,2,False
2021,10,False
2021,0,False
2021,0,False
2021,0,False
2021,0,False
2021,1,False
2021,2,False
2021,1,False
2021,0,False
2021,0,False
2021,0,False
2021,0,False
2021,0,False
2021,1,False
2021,3,False
2021,0,False
2021,1,False
2021,0,False
2021,1,False
2021,0,False
2021,0,False
2021,0,False
2021,0,False
2021,0,False
2021,1,True
2021,0,False
2021,1,False
2021,1,False
2021,6,False
2021,0,False
2021,1,False
2021,0,False
2021,1,False
2021,7,False
2021,7,True
2021,1,False
2021,1,False
2021,6,False
2021,2,False
2021,3,False
2021,0,False
2021,4,True
2021,0,False
2021,1,False
2021,0,False
2021,0,False
2021,0,False
2021,3,False
2021,7,False
2021,0,False
2021,0,False
2021,0,False
2021,1,False
2021,3,False
2021,0,True
2021,0,False
2021,1,True
2021,21,False
2021,1,False
2021,2,False
2021,1,False
2021,1,False
2021,1,False
2021,0,False
2021,0,False
2021,1,False
2021,0,False
2021,1,False
2021,5,True
2021,0,False
2021,0,False
2021,0,False
2021,0,False
2021,1,False
2021,0,False
2021,3,False
2021,0,False
2021,0,False
2021,0,False
2021,0,False
2021,0,False
2021,2,False
2021,3,False
2021,2,False
2021,0,False
2021,0,False
2021,0,False
2021,0,False
2021,1,False
2021,0,False
2021,0,False
2021,1,False
2021,0,False
2021,0,False
2021,0,False
2021,0,False
2021,3,False
2021,0,False
2021,0,False
2021,0,False
2021,0,False
2021,0,False
2021,0,False
2021,0,False
2021,2,False
2021,1,False
2021,0,False
2021,0,False
2021,0,False
2021,3,False
2021,0,False
2021,0,False
2021,0,False
2021,1,False
2021,1,False
2021,0,False
2021,2,False
2021,1,False
2021,0,False
2021,0,False
2021,0,False
2021,0,False
2021,2,False
2021,0,False
2021,0,False
2021,0,False
2021,3,False
2021,2,False
2021,0,False
2021,0,False
2021,2,False
2021,0,False
2021,2,False
2021,0,False
2021,2,False
2021,4,False
2021,1,False
2021,0,False
2021,3,False
2021,3,False
2021,0,False
2021,0,False
2021,2,False
2021,2,False
2021,2,False
2021,2,False
2021,0,False
2021,0,False
2021,0,False
2021,0,False
2021,0,False
2021,1,False
2021,1,False
2021,1,False
2021,0,False
2021,0,False
2021,0,False
2021,0,False
2021,0,False
2021,2,False
2021,0,False
2021,1,False
2021,0,False
2021,3,False
2021,0,False
2021,0,False
2021,1,False
2021,6,False
2021,3,False
2021,0,False
2021,2,False
2021,0,False
2021,0,False
2021,0,False
2021,1,False
2021,3,False
2021,0,False
2021,0,False
2021,0,False
2021,0,False
2021,0,False
2021,0,False
2021,0,False
2021,0,False
2021,0,False
2021,0,False
2021,0,False
2021,2,False
2021,0,False
2021,1,True
2021,1,False
2021,0,False
2021,0,False
2021,1,False
2021,1,False
2021,0,False
2021,2,False
2021,0,False
2021,0,False
2021,0,False
2021,0,False
2021,1,False
2021,1,False
2021,0,False
2021,1,False
2021,3,False
2021,0,False
2021,1,False
2021,0,False
2021,0,False
2021,1,False
2021,2,False
2021,0,False
2021,0,False
2021,0,False
2021,0,False
2021,3,False
2021,0,False
2021,4,False
2021,1,False
2021,0,False
2021,0,False
2021,0,False
2021,8,False
2021,2,False
2021,0,False
2021,0,False
2021,4,False
2021,2,True
2021,0,False
2021,3,True
2021,1,False
2021,3,False
2021,2,False
2021,0,False
2021,2,False
2021,0,False
2021,4,False
2021,1,False
2021,0,False
2021,1,False
2021,0,False
2021,0,False
2021,0,False
2021,4,False
2021,2,False
2021,0,False
2021,3,False
2021,0,False
2021,2,False
2021,0,False
2021,3,False
2021,1,False
2021,0,False
2021,0,False
2021,1,False
2021,0,False
2021,1,False
2021,4,False
2021,1,False
2021,2,False
2021,0,False
2021,0,False
2021,0,False
2021,0,False
2021,2,False
2021,1,False
2021,2,False
2021,0,False
2021,0,False
2021,0,False
2021,0,False
2021,0,False
2021,0,False
2021,1,True
2021,0,False
2021,4,False
2021,0,False
2021,0,False
2021,0,False
2021,1,False
2021,0,False
2021,1,False
2021,0,False
2021,0,False
2021,1,False
2021,1,False
2021,0,False
2021,0,False
2021,0,False
2021,2,False
2021,0,False
2021,1,False
2021,1,False
2021,0,False
2021,0,False
2021,1,False
2021,0,False
2021,0,False
2021,0,False
2021,0,False
2021,0,False
2021,1,False
2021,0,False
2021,0,False
2021,0,False
2021,0,False
2021,0,False
2021,0,False
2021,2,False
2021,0,False
2021,0,False
2021,0,False
2021,1,False
2021,0,False
2021,0,False
2021,2,False
2021,3,False
2021,11,False
2021,5,False
2021,1,False
2021,2,False
2021,5,False
2021,0,False
2021,0,False
2021,0,False
2021,0,False
2021,1,False
2021,0,False
2021,0,False
2021,0,False
2021,0,False
2021,0,False
2021,0,False
2021,0,False
2021,0,False
2021,0,False
2021,0,False
2021,0,False
2021,2,False
2021,1,False
2021,1,False
2021,0,False
2021,0,False
2021,0,False
2021,0,False
2021,2,False
2021,0,False
2021,0,False
2021,0,False
2021,0,False
2021,1,False
2021,2,False
2021,0,False
2021,0,False
2021,1,False
2021,0,False
2021,0,False
2021,0,False
2021,4,False
2021,3,False
2021,8,False
2021,0,False
2021,10,False
2021,0,False
2021,0,False
2021,0,False
2021,1,False
2021,0,False
2021,0,False
2021,0,False
2021,0,False
2021,1,False
2021,1,False
2021,0,False
2021,0,False
2021,0,False
2021,0,False
2021,0,False
2021,0,False
2021,0,False
2021,5,False
2021,0,False
2021,1,False
2021,3,True
2021,3,False
2021,0,False
2021,0,False
2021,1,False
2021,0,False
2021,0,False
2021,1,False
2021,0,False
2021,0,False
2021,1,False
2021,0,False
2021,0,False
2021,1,False
2021,0,False
2021,0,False
2021,0,False
2021,0,False
2021,5,False
2021,8,False
2021,11,False
2021,0,False
2021,0,False
2021,0,False
2021,0,False
2021,2,False
2021,0,False
2021,0,False
2021,1,False
2021,0,False
2021,0,False
2021,3,False
2021,0,False
2021,0,False
2021,0,False
2021,0,False
2021,0,False
2021,0,False
2021,2,False
2021,0,False
2021,4,False
2021,0,False
2021,0,False
2021,0,False
2021,0,False
2021,0,False
2021,0,False
2021,0,False
2021,0,False
2021,0,False
2021,0,False
2021,0,False
2021,1,False
2021,0,False
2021,0,False
2021,3,False
2021,7,False
2021,0,False
2021,0,False
2021,1,False
2021,22,False
2021,2,False
2021,2,False
2021,10,False
2021,0,False
2021,0,False
2021,0,False
2021,0,False
2021,0,False
2021,2,False
2021,0,False
2021,0,False
2021,0,False
2021,1,False
2021,0,False
2021,0,False
2021,0,False
2021,0,False
2021,0,False
2021,0,False
2021,0,False
2021,1,False
2021,0,False
2021,1,False
2021,1,False
2021,2,False
2021,0,False
2021,1,False
2021,0,False
2021,0,False
2021,1,False
2021,0,False
2021,0,False
2021,0,False
2021,1,False
2021,0,False
2021,0,False
2021,0,False
2021,0,False
